GuptaA_2019	HanniganGD_2017	ThomasAM_2018a	ThomasAM_2018b	ThomasAM_2019_c	YachidaS_2019	all
Escherichia coli	0.724444444444444	0.512129380053908	0.686383928571428	0.661830357142857	0.4603125	0.493259837362877	0.523922398863951
Alistipes putredinis	0.55	0.490566037735849	0.429315476190476	0.4765625	0.5546875	0.526791464279867	0.519960948323635
Porphyromonas asaccharolytica	0.55	0.52122641509434	0.544642857142857	0.5625	0.5375	0.509769142607652	0.521508728179551
Bacteroides uniformis	0.624444444444444	0.40667115902965	0.428571428571429	0.436383928571429	0.545625	0.477356328112209	0.481036990856193
Prevotella stercorea	0.61	0.5	0.553571428571429	0.59375	0.625	0.52069530098783	0.532908180936547
Prevotella sp. CAG:279	0.603333333333333	0.501684636118598	0.625	0.574776785714286	0.52625	0.500927795666648	0.516919506788584
Dialister sp. CAG:357	0.456666666666667	0.482142857142857	0.38764880952381	0.463727678571429	0.4875	0.494395022649129	0.47924459684123
Phocaeicola massiliensis	0.5	0.485512129380054	0.452752976190476	0.621651785714286	0.47375	0.503694809801888	0.501129987531172
Prevotella bivia	0.55	0.5	0.505580357142857	0.5625	0.5125	0.498973967145118	0.507390378221114
Odoribacter splanchnicus	0.771111111111111	0.454177897574124	0.54389880952381	0.698660714285714	0.6384375	0.560213938765486	0.570106850928235
Porphyromonas uenonis	0.583333333333333	0.509433962264151	0.508928571428571	0.53125	0.5625	0.506996670850843	0.516646751177611
Clostridium sp. CAG:413	0.599444444444444	0.5	0.479166666666667	0.53125	0.4875	0.487398351798286	0.496252857439734
Parvimonas micra	0.65	0.5	0.544642857142857	0.75	0.7684375	0.581886154014081	0.593007498614575
Bacteroides fragilis	0.791111111111111	0.491239892183288	0.591517857142857	0.629464285714286	0.55875	0.502035692845058	0.53348399833749
Peptostreptococcus anaerobius	0.55	0.518867924528302	0.5	0.5625	0.5509375	0.513911477378159	0.519807252701579
Bacteroides intestinalis	0.741666666666667	0.493261455525606	0.445684523809524	0.497209821428571	0.513125	0.480925612618021	0.500259767248545
Bacteroides thetaiotaomicron	0.831111111111111	0.376010781671159	0.560267857142857	0.556361607142857	0.5890625	0.536647928832615	0.535692019950125
Firmicutes bacterium CAG:170	0.571666666666667	0.5	0.455729166666667	0.571428571428571	0.51125	0.491655296621732	0.495241929897479
Bacteroides caccae	0.482222222222222	0.438679245283019	0.485119047619048	0.5234375	0.633125	0.55935163455766	0.541456688140759
Ruminococcus bromii	0.602222222222222	0.487196765498652	0.357514880952381	0.542410714285714	0.609375	0.494362276919718	0.503117206982544
Phocaeicola vulgatus	0.676666666666667	0.463948787061995	0.49702380952381	0.375	0.485	0.496654477978497	0.496129467996675
Parabacteroides distasonis	0.767222222222222	0.484501347708895	0.454613095238095	0.489955357142857	0.590625	0.554417944659717	0.547260321418676
Coprococcus eutactus	0.363888888888889	0.482479784366577	0.513764880952381	0.53125	0.5253125	0.4907766195492	0.488602711970075
[Eubacterium] rectale	0.163333333333333	0.383760107816712	0.400297619047619	0.435267857142857	0.50875	0.52032418272117	0.476300568024383
Limosilactobacillus mucosae	0.617777777777778	0.482142857142857	0.508928571428571	0.53125	0.513125	0.503880368935218	0.510113604876697
Bacteroides ovatus	0.672222222222222	0.519204851752022	0.402901785714286	0.338727678571429	0.550625	0.558522076079245	0.534012191742865
Butyricimonas virosa	0.736666666666667	0.5	0.563988095238095	0.592633928571429	0.609375	0.522147028325056	0.545794801191466
Parabacteroides goldsteinii	0.666666666666667	0.455525606469003	0.52641369047619	0.428571428571429	0.596875	0.559842820498827	0.545939837905237
Lachnospira eligens	0.485555555555556	0.45822102425876	0.261532738095238	0.474330357142857	0.4309375	0.441543415379578	0.429752441812136
Roseburia inulinivorans	0.532222222222222	0.473719676549865	0.555431547619048	0.457589285714286	0.49375	0.480456257163128	0.482169143114436
Peptostreptococcus stomatis	0.583333333333333	0.509433962264151	0.508928571428571	0.71875	0.688125	0.566288271571249	0.57197501039069
Oscillibacter sp. 57_20	0.556111111111111	0.48955525606469	0.519717261904762	0.651785714285714	0.514375	0.492157397806036	0.499525924771405
Faecalibacterium prausnitzii	0.226111111111111	0.418463611859838	0.407738095238095	0.477678571428571	0.4825	0.429864105222944	0.439619267802715
Phocaeicola dorei	0.442777777777778	0.41644204851752	0.467261904761905	0.3203125	0.399375	0.472891993669159	0.453614228318094
Parabacteroides gordonii	0.55	0.5	0.5	0.5	0.43625	0.499295966817661	0.49578094693821
Dorea longicatena	0.343333333333333	0.514824797843666	0.445684523809524	0.517857142857143	0.6275	0.512890902144845	0.506186789969521
Lactobacillus amylovorus	0.500555555555556	0.5	0.5	0.515625	0.4875	0.504829995088141	0.502311928512053
Prevotella copri	0.167222222222222	0.492587601078167	0.569196428571429	0.521205357142857	0.63125	0.51379686732522	0.502833627736215
Dorea formicigenerans	0.668333333333333	0.431266846361186	0.490327380952381	0.565848214285714	0.5825	0.519953064454511	0.520655825713494
Bacteroides xylanisolvens	0.644444444444444	0.458894878706199	0.378720238095238	0.431361607142857	0.5034375	0.48307045789445	0.477307166112497
Phascolarctobacterium faecium	0.643888888888889	0.533018867924528	0.454613095238095	0.476004464285714	0.475625	0.467161491022213	0.480147288029925
Akkermansia muciniphila	0.731111111111111	0.467991913746631	0.397321428571429	0.565848214285714	0.633125	0.522851061507395	0.533947249930729
Parasutterella excrementihominis	0.551111111111111	0.492587601078167	0.39360119047619	0.518973214285714	0.441875	0.464170714402663	0.471046775422555
Slackia isoflavoniconvertens	0.398888888888889	0.51010781671159	0.576264880952381	0.635602678571429	0.5540625	0.52755553129946	0.528572232612912
Bacteroides nordii	0.583333333333333	0.482142857142857	0.488839285714286	0.561383928571429	0.6025	0.546684494897124	0.543368142144638
Firmicutes bacterium CAG:110	0.621111111111111	0.451145552560647	0.394345238095238	0.622767857142857	0.5	0.479834088304317	0.486269136187309
Dialister micraerophilus	0.516666666666667	0.5	0.5	0.5	0.5125	0.502739726027397	0.503472222222222
Bacteroides eggerthii	0.741666666666667	0.416105121293801	0.547619047619048	0.53125	0.5309375	0.496097800578508	0.513715710723192
Coprococcus comes	0.507777777777778	0.425876010781671	0.457589285714286	0.610491071428571	0.555625	0.510729684003711	0.510613656830147
Parabacteroides merdae	0.637777777777778	0.574797843665768	0.472842261904762	0.542410714285714	0.578125	0.533209627244447	0.538737790939318
Bacteroides faecichinchillae	0.516666666666667	0.5	0.5	0.5	0.5	0.496234241117721	0.498590762676642
Escherichia fergusonii	0.516666666666667	0.5	0.5	0.5	0.5	0.5	0.500868055555556
Phocaeicola plebeius	0.589444444444444	0.529649595687332	0.504092261904762	0.517857142857143	0.5415625	0.54138514435409	0.534981989470767
[Bacteroides] pectinophilus	0.501111111111111	0.5	0.488467261904762	0.546875	0.5	0.501369863013699	0.502355223053477
Oscillibacter sp. CAG:241	0.691111111111111	0.516846361185984	0.47172619047619	0.580357142857143	0.5446875	0.494646073241281	0.509436045303408
Bifidobacterium longum	0.553888888888889	0.46900269541779	0.408482142857143	0.418526785714286	0.5171875	0.471947825137805	0.471635581185924
Bifidobacterium breve	0.505555555555556	0.537735849056604	0.505208333333333	0.4296875	0.5375	0.513147410358566	0.508847239540039
Bifidobacterium bifidum	0.467222222222222	0.512129380053908	0.472470238095238	0.421875	0.524375	0.472215248594662	0.476166354945968
Enterococcus avium	0.566666666666667	0.5	0.526785714285714	0.5	0.4515625	0.497058341974567	0.499127614990302
Bifidobacterium pseudocatenulatum	0.468888888888889	0.435309973045822	0.431547619047619	0.367745535714286	0.435625	0.463996070512471	0.446624324605154
Enterococcus faecalis	0.583333333333333	0.518867924528302	0.535714285714286	0.508928571428571	0.5	0.50656551874693	0.513133399141036
Lactobacillus helveticus	0.55	0.5	0.5	0.5	0.5	0.5	0.502604166666667
Klebsiella pneumoniae	0.365555555555556	0.519878706199461	0.527157738095238	0.55859375	0.48	0.503127217158762	0.492274089082848
Flavonifractor plautii	0.821111111111111	0.400943396226415	0.470238095238095	0.420758928571429	0.59625	0.518102930742782	0.531998995566639
Corynebacterium argentoratense	0.55	0.5	0.5	0.546875	0.4746875	0.493538176062872	0.498367795788307
Enterococcus casseliflavus	0.566666666666667	0.5	0.506324404761905	0.5	0.4875	0.502221251978388	0.505065461346633
Limosilactobacillus panis	0.55	0.5	0.5	0.5	0.5	0.5	0.502604166666667
Bifidobacterium adolescentis	0.238888888888889	0.584905660377358	0.366815476190476	0.418526785714286	0.565	0.488358893194346	0.469849681352175
Klebsiella variicola	0.423333333333333	0.511455525606469	0.50297619047619	0.528459821428571	0.479375	0.497484036456912	0.489741358409532
Anaerostipes hadrus	0.597222222222222	0.484501347708895	0.440848214285714	0.485491071428571	0.519375	0.459984718659608	0.47829644638404
Lactobacillus crispatus	0.633333333333333	0.5	0.5	0.578125	0.5	0.499459695464716	0.511131026600166
Collinsella aerofaciens	0.452222222222222	0.524258760107817	0.431547619047619	0.520089285714286	0.6659375	0.572329858647601	0.55581315807703
Klebsiella quasipneumoniae	0.478333333333333	0.518867924528302	0.478422619047619	0.529575892857143	0.5296875	0.508792228346886	0.504615198115822
Actinomyces sp. S6-Spd3	0.533333333333333	0.509433962264151	0.488095238095238	0.523995535714286	0.5046875	0.537985046116902	0.528368748268218
Turicimonas muris	0.52	0.428571428571429	0.392485119047619	0.453125	0.45625	0.478065818916116	0.470163566777501
Streptococcus parasanguinis	0.655555555555556	0.41677897574124	0.532738095238095	0.459821428571429	0.49125	0.515303170878131	0.505929187448046
Coprococcus catus	0.64	0.466981132075472	0.483630952380952	0.612723214285714	0.6009375	0.524384653168149	0.535657384316985
Firmicutes bacterium CAG:145	0.516666666666667	0.473719676549865	0.64360119047619	0.582589285714286	0.605625	0.517895541123179	0.534196193543918
Enterobacter mori	0.527777777777778	0.5	0.508928571428571	0.515625	0.4875	0.494274954974622	0.496042878913827
Acidaminococcus intestini	0.535	0.491239892183288	0.489583333333333	0.565290178571429	0.471875	0.467745456530044	0.483515603352729
Morganella morganii	0.616666666666667	0.5	0.54203869047619	0.546875	0.511875	0.500283796321563	0.514358634663342
Veillonella parvula	0.745555555555556	0.483153638814016	0.505580357142857	0.443080357142857	0.455625	0.527604649893576	0.519019292047659
Aeromonas caviae	0.533333333333333	0.5	0.5	0.5	0.4875	0.500158271025487	0.500632100304794
Citrobacter freundii	0.55	0.509433962264151	0.497767857142857	0.515625	0.489375	0.504557114009715	0.506156483790524
Ruthenibacterium lactatiformans	0.781666666666667	0.419137466307278	0.51078869047619	0.678571428571429	0.73125	0.555853299132238	0.590725876281518
Prevotella buccae	0.533333333333333	0.5	0.488467261904762	0.5	0.511875	0.511340937619385	0.508745497367692
Bacteroides stercoris	0.643333333333333	0.428908355795148	0.56547619047619	0.493303571428571	0.47	0.50538667248813	0.508208645054032
Streptococcus oralis	0.55	0.533692722371968	0.552083333333333	0.551339285714286	0.566875	0.530278884462151	0.529440288168468
[Clostridium] symbiosum	0.65	0.509433962264151	0.584449404761905	0.579241071428571	0.614375	0.522725536211319	0.543965606816293
[Ruminococcus] gnavus	0.637222222222222	0.588274932614555	0.478422619047619	0.502790178571429	0.4725	0.510838836435082	0.515107630229981
Enterocloster clostridioformis	0.516666666666667	0.518867924528302	0.482886904761905	0.502232142857143	0.43375	0.483277847514053	0.484362011637573
[Eubacterium] siraeum	0.52	0.502021563342318	0.513392857142857	0.629464285714286	0.56125	0.501839218468591	0.517244215849266
Roseburia hominis	0.48	0.429919137466307	0.480654761904762	0.486607142857143	0.5159375	0.485067947388528	0.485507152258243
Streptococcus salivarius	0.515555555555556	0.419811320754717	0.410714285714286	0.409598214285714	0.45375	0.466664847459477	0.456971720005542
Enterocloster bolteae	0.666666666666667	0.485512129380054	0.470238095238095	0.479352678571429	0.5396875	0.524461059870109	0.520753238431699
Limosilactobacillus fermentum	0.55	0.509433962264151	0.491071428571429	0.495535714285714	0.48625	0.499394204005894	0.501443872956498
[Clostridium] hylemonae	0.516666666666667	0.501684636118598	0.5	0.5	0.5003125	0.500387491131365	0.501357283873649
Citrobacter youngae	0.566666666666667	0.491913746630728	0.521949404761905	0.53125	0.4875	0.505550401135185	0.509429551122195
Alistipes shahii	0.725555555555556	0.455525606469003	0.561383928571429	0.566964285714286	0.76125	0.566823118484964	0.582348382515932
Gemmiger formicilis	0.435555555555556	0.381401617250674	0.433035714285714	0.513950892857143	0.535625	0.48727282650221	0.488293155998892
Paraprevotella xylaniphila	0.603333333333333	0.547169811320755	0.484002976190476	0.575892857142857	0.5675	0.529285597336681	0.534349889165974
Veillonella sp. CAG:933	0.6	0.5	0.5	0.5	0.4746875	0.49974349178628	0.502188539068994
Rothia mucilaginosa	0.517777777777778	0.481132075471698	0.56733630952381	0.430245535714286	0.450625	0.48579926867871	0.489475096979773
Proteobacteria bacterium CAG:139	0.551111111111111	0.428571428571429	0.378720238095238	0.479910714285714	0.469375	0.457419636522404	0.464318803685231
Klebsiella aerogenes	0.552222222222222	0.518867924528302	0.53422619047619	0.5	0.513125	0.503924029907766	0.510866929897479
Haemophilus parainfluenzae	0.401111111111111	0.464285714285714	0.491815476190476	0.472098214285714	0.391875	0.462058614855646	0.447864713216958
Citrobacter amalonaticus	0.533333333333333	0.5	0.5	0.5	0.5	0.500103694809802	0.5018421827376
[Clostridium] innocuum	0.516666666666667	0.51010781671159	0.534970238095238	0.488839285714286	0.529375	0.508311957648857	0.507548403297312
Aeromonas media	0.533333333333333	0.5	0.5	0.5	0.5	0.504109589041096	0.504340277777778
Agathobaculum butyriciproducens	0.454444444444444	0.528638814016173	0.46391369047619	0.440848214285714	0.499375	0.513436664301697	0.504322959961208
Haemophilus sp. HMSC71H05	0.424444444444444	0.491913746630728	0.534970238095238	0.486049107142857	0.544375	0.508350160999836	0.499919905098365
Bifidobacterium catenulatum	0.49	0.5	0.494791666666667	0.543526785714286	0.486875	0.483785406319926	0.488386239262954
Allisonella histaminiformans	0.616666666666667	0.5	0.490327380952381	0.595982142857143	0.4775	0.533422474485619	0.530539969520643
Klebsiella michiganensis	0.533333333333333	0.5	0.544642857142857	0.515625	0.47625	0.508071822299842	0.50897495843724
Eubacterium sp. CAG:180	0.552777777777778	0.547843665768194	0.532366071428571	0.567522321428571	0.56	0.511182666593898	0.523301122194514
Citrobacter portucalensis	0.533333333333333	0.482142857142857	0.508928571428571	0.5	0.46375	0.503230911968564	0.499480465502909
Citrobacter pasteurii	0.55	0.5	0.487723214285714	0.515625	0.5125	0.501528134039186	0.504961554447215
Ligilactobacillus salivarius	0.533333333333333	0.509433962264151	0.5	0.511160714285714	0.4771875	0.511411886699776	0.506957432806872
Bacteroides faecis CAG:32	0.516666666666667	0.5	0.409598214285714	0.438616071428571	0.486875	0.50199203187251	0.494129260182876
Weissella confusa	0.500555555555556	0.509433962264151	0.5	0.515625	0.4875	0.503465589696011	0.501549944582987
Blautia obeum	0.476666666666667	0.505053908355795	0.446428571428571	0.464285714285714	0.6075	0.521372046062326	0.514139997229149
Veillonella sp. T11011-6	0.566666666666667	0.5	0.466517857142857	0.446428571428571	0.39125	0.5208044534192	0.498218429620393
Proteus mirabilis	0.55	0.5	0.508928571428571	0.5	0.4875	0.503465589696011	0.504442019950125
Kluyvera georgiana	0.55	0.5	0.5	0.5	0.5	0.49601593625498	0.500114730534774
Blautia producta	0.516666666666667	0.505053908355795	0.468005952380952	0.434151785714286	0.500625	0.475598973967145	0.478181715849266
Eubacterium sp. CAG:38	0.491111111111111	0.509433962264151	0.450520833333333	0.529017857142857	0.4925	0.477007040331823	0.480019569132724
Enterobacter bugandensis	0.513333333333333	0.5	0.508928571428571	0.5	0.5	0.504884571303826	0.504056698531449
Bilophila wadsworthia	0.618333333333333	0.491913746630728	0.49702380952381	0.594308035714286	0.618125	0.522447197511325	0.537616462316431
Eggerthella lenta	0.499444444444444	0.451145552560647	0.537202380952381	0.427455357142857	0.57375	0.489035638268842	0.493865163480188
Rothia dentocariosa	0.533333333333333	0.528301886792453	0.53125	0.489397321428571	0.5003125	0.518544998089832	0.516672727902466
Bacteroides caecimuris	0.516666666666667	0.5	0.5	0.5	0.5	0.49800796812749	0.499619008035467
Eubacterium sp. CAG:251	0.393333333333333	0.493261455525606	0.464285714285714	0.502790178571429	0.511875	0.495606614637341	0.487327687725132
Gemella haemolysans	0.533333333333333	0.5	0.535714285714286	0.511160714285714	0.5696875	0.546946460732413	0.534940859656415
Bacteroides sp. CAG:530	0.659444444444444	0.5	0.508928571428571	0.515625	0.5125	0.502133930033291	0.511492536021058
Limosilactobacillus vaginalis	0.6	0.5	0.487723214285714	0.530133928571429	0.5	0.501484473066638	0.506814560820172
Enterocloster asparagiformis	0.516666666666667	0.5	0.50483630952381	0.4375	0.559375	0.519936691589805	0.514287198669992
Paraprevotella clara	0.582222222222222	0.518867924528302	0.407738095238095	0.5078125	0.56125	0.518152049336899	0.516638092269327
Gemella sanguinis	0.533333333333333	0.549865229110512	0.525669642857143	0.502232142857143	0.534375	0.516351034219287	0.511276063313937
Fusicatenibacter saccharivorans	0.481111111111111	0.45822102425876	0.474702380952381	0.540178571428571	0.545	0.475266059051465	0.501476343862566
Citrobacter braakii	0.533333333333333	0.5	0.521949404761905	0.514508928571429	0.5125	0.495672106096163	0.503645400387919
Leclercia adecarboxylata	0.533333333333333	0.5	0.508928571428571	0.5	0.475	0.499536102166676	0.499883104738155
Firmicutes bacterium CAG:94	0.516666666666667	0.501010781671159	0.491815476190476	0.597098214285714	0.526875	0.517813676799651	0.520125467581047
Veillonella dispar	0.533888888888889	0.5	0.497767857142857	0.431919642857143	0.41375	0.51715330458986	0.495540662233306
Streptococcus infantis	0.55	0.509433962264151	0.535714285714286	0.501116071428571	0.588125	0.525159635430879	0.522690669160432
Streptococcus sp. HPH0090	0.516666666666667	0.5	0.5	0.482142857142857	0.461875	0.489079299241391	0.488730430867276
Citrobacter werkmanii	0.55	0.5	0.479166666666667	0.5	0.5	0.500747694154887	0.5018421827376
Streptococcus mitis	0.55	0.537735849056604	0.534970238095238	0.521205357142857	0.57375	0.559848278120395	0.541569253948462
Prevotella sp. CAG:520	0.702222222222222	0.5	0.544642857142857	0.546875	0.5528125	0.513747748731103	0.524517698808534
Megasphaera elsdenii	0.255	0.5	0.526785714285714	0.514508928571429	0.5278125	0.491819025268788	0.478266140205043
Ligilactobacillus ruminis	0.218333333333333	0.509433962264151	0.508928571428571	0.515625	0.5	0.493401735523659	0.478157903851482
Veillonella infantium	0.534444444444444	0.5	0.473214285714286	0.489397321428571	0.40375	0.510374938601757	0.49324172208368
Actinomyces sp. oral taxon 181	0.533333333333333	0.528301886792453	0.503720238095238	0.511160714285714	0.4775	0.523249467881897	0.519073410224439
Kosakonia pseudosacchari	0.533333333333333	0.5	0.5	0.5	0.5	0.5	0.501736111111111
Lancefieldella parvula	0.533333333333333	0.5	0.49702380952381	0.574776785714286	0.5459375	0.551176117448016	0.540300723884733
Roseburia faecis	0.145555555555556	0.652291105121294	0.407738095238095	0.448660714285714	0.3975	0.436058505703215	0.433374030202272
Blautia coccoides	0.533333333333333	0.493261455525606	0.5	0.443080357142857	0.4784375	0.490973093925667	0.488927421030756
Scardovia wiggsiae	0.515555555555556	0.5	0.518229166666667	0.4765625	0.4775	0.499628881733341	0.499077826267664
Erysipelatoclostridium ramosum	0.533333333333333	0.546159029649596	0.514136904761905	0.430803571428571	0.4175	0.488266113627681	0.483751558603491
Streptococcus vestibularis	0.516666666666667	0.518530997304582	0.492559523809524	0.454799107142857	0.43375	0.532041696228784	0.510321418675533
Streptococcus peroris	0.516666666666667	0.5	0.5	0.5	0.5	0.504884571303826	0.503974438902743
Klebsiella oxytoca	0.55	0.518867924528302	0.553571428571429	0.515625	0.5234375	0.50538667248813	0.51469633208645
Blautia wexlerae	0.495555555555556	0.494609164420485	0.418154761904762	0.459821428571429	0.498125	0.48269933962779	0.483201717927404
Actinomyces sp. HPA0247	0.516666666666667	0.482479784366577	0.487723214285714	0.558035714285714	0.475625	0.51969655624079	0.511553148379052
Clostridium bolteae CAG:59	0.516666666666667	0.5	0.494047619047619	0.493303571428571	0.56625	0.526616820389674	0.519216282211139
Ligilactobacillus agilis	0.516666666666667	0.5	0.5	0.5	0.5	0.5	0.500868055555556
Veillonella atypica	0.566666666666667	0.509433962264151	0.536830357142857	0.425223214285714	0.414375	0.514228019429133	0.498811564837905
Dialister succinatiphilus	0.421111111111111	0.5	0.535714285714286	0.511160714285714	0.5	0.495693936582437	0.494090295095594
Megasphaera sp. DISK 18	0.533333333333333	0.518867924528302	0.517857142857143	0.512276785714286	0.525	0.501075151448999	0.508176174147963
Butyricicoccus pullicaecorum	0.516666666666667	0.509433962264151	0.50483630952381	0.482142857142857	0.463125	0.478016700322	0.483881442227764
Megamonas funiformis	0.427222222222222	0.518867924528302	0.497767857142857	0.530691964285714	0.5371875	0.529574851279812	0.517300498753117
Veillonella tobetsuensis	0.500555555555556	0.5	0.5	0.5	0.538125	0.521721333842711	0.515709424355777
Ruminococcus bicirculans	0.476666666666667	0.46832884097035	0.404017857142857	0.550223214285714	0.52125	0.445178191344212	0.457950176641729
Veillonella rogosae	0.516666666666667	0.5	0.497767857142857	0.446428571428571	0.5246875	0.516596627189871	0.50910051260737
Bifidobacterium ruminantium	0.395555555555556	0.5	0.5	0.5	0.5	0.5	0.491743730950402
Megamonas hypermegale	0.498333333333333	0.5	0.479166666666667	0.527901785714286	0.533125	0.52434644981717	0.514512330285398
Anaerotruncus colihominis	0.516666666666667	0.491239892183288	0.555803571428571	0.503348214285714	0.69375	0.56835125252415	0.566312084372402
Alistipes onderdonkii	0.623333333333333	0.491913746630728	0.543526785714286	0.479910714285714	0.540625	0.485630082410086	0.501480673316708
Actinomyces sp. ICM47	0.516666666666667	0.485175202156334	0.51860119047619	0.551339285714286	0.5046875	0.514260765158544	0.510327912856747
Tractidigestivibacter scatoligenes	0.405555555555556	0.5	0.516369047619048	0.531808035714286	0.5265625	0.494133056813841	0.490644049598227
Citrobacter farmeri	0.516666666666667	0.5	0.508928571428571	0.515625	0.4875	0.502133930033291	0.502740544472153
Providencia rettgeri	0.516666666666667	0.5	0.5	0.5	0.5	0.5	0.500868055555556
Lactobacillus paragasseri	0.55	0.509433962264151	0.488467261904762	0.544642857142857	0.514375	0.503863996070512	0.507277812413411
Phocaeicola coprocola	0.497777777777778	0.509433962264151	0.417410714285714	0.50390625	0.5190625	0.528816241881788	0.515395538930452
Methanobrevibacter smithii	0.713888888888889	0.545822102425876	0.5	0.735491071428571	0.5809375	0.511073514162528	0.537207328899972
Prevotella nigrescens	0.6	0.5	0.477678571428571	0.515625	0.5253125	0.512443377176227	0.514655202272097
Porphyromonas endodontalis	0.583333333333333	0.5	0.5	0.515625	0.575	0.511073514162528	0.517488830008313
Clostridium sp. CAG:964	0.533333333333333	0.509433962264151	0.49702380952381	0.497209821428571	0.5	0.502123014790154	0.504065357439734
Dialister pneumosintes	0.616666666666667	0.5	0.476190476190476	0.578125	0.618125	0.550106423620586	0.549442366306456
Prevotella sp. CAG:5226	0.478888888888889	0.5	0.517857142857143	0.53125	0.49875	0.510887955029198	0.506342650318648
Ruminococcus sp. CAG:563	0.497222222222222	0.5	0.5	0.515625	0.5	0.501369863013699	0.500575817400942
Mogibacterium diversum	0.516666666666667	0.5	0.526785714285714	0.694196428571429	0.565625	0.555089232112645	0.540692539484622
Firmicutes bacterium CAG:238	0.682222222222222	0.509433962264151	0.517857142857143	0.590401785714286	0.5515625	0.512077716531136	0.527297208367969
Bacteroides cellulosilyticus	0.517777777777778	0.459231805929919	0.474702380952381	0.522321428571429	0.5896875	0.561829394749768	0.542177542255472
Desulfovibrionaceae bacterium	0.516666666666667	0.5	0.520833333333333	0.59375	0.6	0.525536211319107	0.532360504987531
Alistipes inops	0.516666666666667	0.480795148247978	0.459077380952381	0.543526785714286	0.57875	0.513300223762484	0.51532193821003
Alistipes finegoldii	0.562222222222222	0.501684636118598	0.462797619047619	0.478794642857143	0.589375	0.522430824646619	0.525955077583818
Desulfovibrio legallii	0.516666666666667	0.5	0.5	0.5	0.5	0.5	0.500868055555556
Bacteroides salyersiae	0.583333333333333	0.5	0.543154761904762	0.529017857142857	0.56	0.507657043060634	0.517988881961762
Mitsuokella multacida	0.354444444444444	0.5	0.525669642857143	0.578125	0.510625	0.487834961523768	0.485881650041563
Alistipes indistinctus	0.502222222222222	0.484501347708895	0.522321428571429	0.598772321428571	0.6115625	0.545718495879496	0.546344641867553
Holdemanella biformis	0.587777777777778	0.415094339622641	0.496279761904762	0.557477678571429	0.55125	0.548338154232386	0.528964048212801
Firmicutes bacterium CAG:83	0.362777777777778	0.473045822102426	0.47953869047619	0.498883928571429	0.5875	0.513534901489931	0.505234310058188
Ruminococcus sp. CAG:488	0.605555555555556	0.509433962264151	0.5	0.53125	0.5375	0.501517218796049	0.510719728456636
Prevotella sp. AM42-24	0.515555555555556	0.5	0.517857142857143	0.514508928571429	0.5125	0.508590296348851	0.50845542394015
Eubacterium sp. OM08-24	0.484444444444444	0.509433962264151	0.531994047619048	0.563616071428571	0.5	0.496234241117721	0.503706012745913
[Ruminococcus] lactaris	0.483333333333333	0.514150943396226	0.530505952380952	0.541294642857143	0.4459375	0.468132947661409	0.481463442089221
Gemella morbillorum	0.533333333333333	0.509433962264151	0.524925595238095	0.734375	0.755	0.583987338317961	0.589552594208922
Desulfovibrio piger	0.637777777777778	0.509433962264151	0.515625	0.456473214285714	0.5509375	0.529820444250396	0.529254121640344
Fusobacterium varium	0.499444444444444	0.5	0.508928571428571	0.515625	0.51125	0.503116301915625	0.503203796065392
Intestinimonas butyriciproducens	0.653333333333333	0.501010781671159	0.541666666666667	0.610491071428571	0.59875	0.514468154778148	0.535676866860626
Catenibacterium mitsuokai	0.477777777777778	0.527628032345013	0.517857142857143	0.546316964285714	0.5221875	0.52619112590733	0.51868159462455
Roseburia intestinalis	0.295555555555556	0.457547169811321	0.416666666666667	0.466517857142857	0.409375	0.452573268569557	0.443009230396232
Mitsuokella jalaludinii	0.373333333333333	0.5	0.494047619047619	0.554129464285714	0.525	0.492555804180538	0.490784756857855
Prevotella sp. CAG:873	0.500555555555556	0.5	0.517857142857143	0.497209821428571	0.5	0.494154887300115	0.497359032973123
Acidaminococcus sp. CAG:542	0.484444444444444	0.5	0.5	0.5	0.4746875	0.49889210282159	0.494910726655583
Firmicutes bacterium CAG:791	0.555555555555556	0.5	0.5	0.5	0.5	0.49937237351962	0.501493661679136
Fusobacterium nucleatum	0.566666666666667	0.5	0.517857142857143	0.59375	0.5990625	0.553168149320526	0.550018183707398
Solobacterium moorei	0.566666666666667	0.528301886792453	0.544642857142857	0.638392857142857	0.618125	0.566342847786934	0.565591230257689
Prevotella sp. CAG:1092	0.602777777777778	0.5	0.508928571428571	0.498325892857143	0.5125	0.501042405719587	0.505455112219451
Acidaminococcus fermentans	0.516666666666667	0.5	0.5	0.53125	0.488125	0.499819898488239	0.501147305347742
Fusobacterium naviforme	0.516666666666667	0.5	0.5	0.515625	0.5	0.501369863013699	0.502604166666667
Cetobacterium somerae	0.516666666666667	0.5	0.5	0.5	0.5	0.502739726027397	0.502604166666667
Barnesiella intestinihominis	0.463888888888889	0.450134770889488	0.399553571428571	0.542410714285714	0.56	0.517251541778093	0.508961970074813
Butyricimonas synergistica	0.484444444444444	0.5	0.503720238095238	0.5390625	0.594375	0.536085793811057	0.530771595317262
Lawsonibacter asaccharolyticus	0.516666666666667	0.476415094339623	0.51860119047619	0.619977678571429	0.611875	0.507362331495934	0.522283700471045
Prevotella sp. 885	0.558888888888889	0.509433962264151	0.5	0.513392857142857	0.5240625	0.50239589586858	0.505043814075921
Pluralibacter gergoviae	0.516666666666667	0.5	0.5	0.5	0.5	0.5	0.500868055555556
Bacteroides faecis	0.516666666666667	0.528301886792453	0.404017857142857	0.465401785714286	0.5003125	0.501926540413688	0.498906812829039
Limosilactobacillus pontis	0.516666666666667	0.5	0.5	0.5	0.5	0.49800796812749	0.499619008035467
Alloprevotella sp. oral taxon 473	0.566666666666667	0.5	0.5	0.515625	0.55	0.508219178082192	0.513020833333333
Megasphaera micronuciformis	0.516666666666667	0.5	0.525669642857143	0.5	0.5065625	0.528805326638651	0.518688088805763
Streptococcus infantarius	0.482222222222222	0.5	0.479166666666667	0.497209821428571	0.5	0.5	0.496739921030756
Streptococcus salivarius CAG:79	0.516666666666667	0.5	0.5	0.5	0.5	0.5	0.500868055555556
Phascolarctobacterium succinatutens	0.496666666666667	0.51078167115903	0.520089285714286	0.560267857142857	0.58625	0.546837308301042	0.538731296758105
Comamonas kerstersii	0.437777777777778	0.509433962264151	0.507068452380952	0.515625	0.5375	0.503498335425422	0.502221009975062
Lachnospira pectinoschiza	0.366666666666667	0.517520215633423	0.5	0.541294642857143	0.41375	0.448780221579436	0.454893582017179
Ruminococcus sp. CAG:330	0.433333333333333	0.5	0.488467261904762	0.52734375	0.50125	0.491731703323692	0.4902024452757
Turicibacter sanguinis	0.466666666666667	0.433962264150943	0.517857142857143	0.408482142857143	0.3696875	0.46953009878295	0.45339342615683
Bifidobacterium angulatum	0.4	0.5	0.479166666666667	0.5	0.5	0.5	0.491271820448878
Bacteroides sp. CAG:462	0.483333333333333	0.5	0.496279761904762	0.529575892857143	0.5	0.49675271516673	0.49855179758936
Eubacterium ventriosum	0.433333333333333	0.47911051212938	0.438244047619048	0.669642857142857	0.533125	0.466812203241827	0.483372731366029
Fusobacterium mortiferum	0.517777777777778	0.5	0.553571428571429	0.5	0.4928125	0.549544288599028	0.533888802299806
Lactobacillus delbrueckii	0.416666666666667	0.501684636118598	0.49702380952381	0.484375	0.488125	0.500600338372537	0.491083489193682
Butyrivibrio crossotus	0.520555555555556	0.518867924528302	0.487723214285714	0.513392857142857	0.4875	0.49937237351962	0.499935058187864
Butyrivibrio sp. CAG:318	0.588888888888889	0.509433962264151	0.482514880952381	0.5625	0.5125	0.495399225017737	0.50652448739263
Clostridium sp. CAG:510	0.643333333333333	0.5	0.5	0.5	0.5	0.497396714511816	0.505056802438349
Firmicutes bacterium CAG:95	0.556666666666667	0.474393530997305	0.515997023809524	0.592633928571429	0.5375	0.510445887682148	0.516133710861735
[Ruminococcus] torques	0.455	0.535714285714286	0.53608630952381	0.517857142857143	0.60125	0.554265131255799	0.551691517733444
Blastocystis sp. subtype 1	0.617777777777778	0.5	0.517857142857143	0.53125	0.4875	0.496774545653004	0.5059703172624
Anaerobutyricum hallii	0.466666666666667	0.462264150943396	0.408110119047619	0.5859375	0.5771875	0.509097855154723	0.503989591992242
Clostridium sp. CAG:632	0.638888888888889	0.5	0.5	0.482142857142857	0.5	0.5	0.505749515101136
Anaerobiospirillum thomasii	0.466666666666667	0.5	0.479166666666667	0.498325892857143	0.5	0.501369863013699	0.496748579939041
[Clostridium] leptum	0.483333333333333	0.514150943396226	0.527529761904762	0.604910714285714	0.6015625	0.530087867707253	0.531453484344694
Candidatus Gastranaerophilales bacterium HUM_9	0.483333333333333	0.5	0.5	0.5	0.5	0.5	0.498753117206983
Coprobacter secundus	0.45	0.5	0.561755952380952	0.517857142857143	0.5246875	0.494929869562845	0.498279041978387
Victivallis vadensis	0.499444444444444	0.5	0.560267857142857	0.578125	0.5375	0.498455493096109	0.512884455527847
Ligilactobacillus acidipiscis	0.483333333333333	0.5	0.5	0.5	0.5	0.5	0.498753117206983
Clostridium sp. CAG:167	0.483333333333333	0.438005390835579	0.463541666666667	0.5	0.5125	0.504862740817552	0.497744354391798
Roseburia sp. CAG:182	0.499444444444444	0.518867924528302	0.526785714285714	0.512276785714286	0.4996875	0.495377394531463	0.500796619562206
Clostridium sp. CAG:253	0.483333333333333	0.5	0.508928571428571	0.459821428571429	0.475	0.496212410631447	0.490799909947354
Eubacterium ramulus	0.499444444444444	0.435983827493261	0.413318452380952	0.588169642857143	0.56	0.511859411668395	0.509055053338875
Veillonella rodentium	0.483333333333333	0.5	0.508928571428571	0.5	0.525	0.502870708945042	0.503214619700748
Bacteroides finegoldii	0.483333333333333	0.429582210242588	0.533110119047619	0.507254464285714	0.574375	0.534715930797358	0.527916320310335
Campylobacter jejuni	0.483333333333333	0.5	0.5	0.5	0.5	0.5	0.498753117206983
Lactobacillus rogosae	0.483333333333333	0.5	0.411458333333333	0.4609375	0.475625	0.46753806691044	0.46696193543918
Ruminococcus callidus	0.483333333333333	0.528301886792453	0.484002976190476	0.470982142857143	0.5065625	0.52548709272499	0.514295857578277
Adlercreutzia equolifaciens	0.45	0.523921832884097	0.433035714285714	0.407366071428571	0.511875	0.480952900725864	0.48653756234414
Intestinibacter bartlettii	0.483333333333333	0.487196765498652	0.508928571428571	0.386160714285714	0.50875	0.485842929651258	0.479086571765032
Firmicutes bacterium CAG:534	0.563333333333333	0.5	0.5	0.5	0.5	0.49800796812749	0.501467684954281
Eubacterium sp. CAG:786	0.483333333333333	0.5	0.5	0.5	0.5	0.5	0.498753117206983
Pantoea dispersa	0.483333333333333	0.5	0.5	0.5	0.5	0.5	0.498753117206983
Bifidobacterium dentium	0.483333333333333	0.491913746630728	0.472470238095238	0.556919642857143	0.445	0.509179719478251	0.500902691188695
Neisseria subflava	0.483333333333333	0.5	0.535714285714286	0.5	0.5	0.508535720133166	0.507676122194514
Parvimonas sp. KA00067	0.483333333333333	0.5	0.5	0.546875	0.5	0.502739726027397	0.503082571349404
Eisenbergiella massiliensis	0.483333333333333	0.414420485175202	0.566220238095238	0.434709821428571	0.5525	0.504120504284233	0.503251420060959
Treponema succinifaciens	0.531666666666667	0.5	0.5	0.5	0.5	0.5	0.501350789692436
Phascolarctobacterium sp. CAG:266	0.483333333333333	0.491239892183288	0.515997023809524	0.462053571428571	0.47375	0.497576816023577	0.493999376558603
Haemophilus pittmaniae	0.483333333333333	0.5	0.468005952380952	0.460379464285714	0.5	0.502821590350925	0.496071020365752
Parabacteroides sp. CAG:409	0.500555555555556	0.501010781671159	0.491071428571429	0.526785714285714	0.4996875	0.48993068820608	0.495354495705181
Prevotella corporis	0.500555555555556	0.5	0.5	0.53125	0.5	0.510309447142935	0.507922901080632
Anaerotruncus sp. CAG:528	0.533333333333333	0.5	0.488467261904762	0.446428571428571	0.5125	0.505479452054794	0.501935266001662
Prevotella intermedia	0.566666666666667	0.5	0.5	0.5625	0.55	0.520869944878022	0.523677784704904
Bifidobacterium pseudolongum	0.566666666666667	0.482142857142857	0.479166666666667	0.5	0.5125	0.49937237351962	0.501454696591854
Pyramidobacter piscolens	0.55	0.5	0.466517857142857	0.513392857142857	0.5125	0.49800796812749	0.502385529232474
Prevotella sp. F0091	0.55	0.5	0.5	0.5	0.5	0.5	0.502604166666667
Dialister invisus	0.55	0.478436657681941	0.462053571428571	0.538504464285714	0.486875	0.497800578507886	0.50144820241064
Eubacterium coprostanoligenes	0.583333333333333	0.5	0.5	0.497209821428571	0.5	0.49800796812749	0.502688591022444
Prevotella melaninogenica	0.516666666666667	0.5	0.5	0.5	0.525625	0.523025705397588	0.516620774452757
Enterococcus faecium	0.616666666666667	0.483153638814016	0.507068452380952	0.517857142857143	0.425	0.491764449053103	0.493787233305625
Bacteroides clarus	0.616666666666667	0.482142857142857	0.4609375	0.484375	0.515625	0.521552147574087	0.520244527569964
Eisenbergiella tayi	0.616666666666667	0.491913746630728	0.610119047619048	0.504464285714286	0.62	0.538197893358075	0.552072509697977
Enterococcus gallinarum	0.616666666666667	0.5	0.526785714285714	0.515625	0.4740625	0.500878677072532	0.507381719312829
Enterocloster citroniae	0.616666666666667	0.5	0.45610119047619	0.435267857142857	0.5328125	0.516869508268297	0.513258953311167
Ruminococcaceae bacterium D5	0.65	0.5	0.49702380952381	0.625	0.5525	0.499339627790209	0.520928581324467
Hungatella hathewayi	0.6	0.51078167115903	0.528645833333333	0.521205357142857	0.6184375	0.515767068711456	0.526946522582433
Treponema berlinense	0.533333333333333	0.5	0.5	0.5	0.5125	0.501369863013699	0.503472222222222
Streptococcus pasteurianus	0.55	0.509433962264151	0.535714285714286	0.529575892857143	0.526875	0.515079408393822	0.518997644776947
Roseburia sp. CAG:309	0.55	0.482142857142857	0.419642857142857	0.5546875	0.5	0.494749768051083	0.496345940703796
Firmicutes bacterium CAG:555	0.566666666666667	0.509433962264151	0.5	0.497209821428571	0.5	0.49800796812749	0.502714567747298
Ruminococcus obeum CAG:39	0.516666666666667	0.501010781671159	0.526785714285714	0.524553571428571	0.5	0.508945041750805	0.510559538653367
Streptococcus lutetiensis	0.516666666666667	0.509433962264151	0.517857142857143	0.498325892857143	0.4875	0.488560825192381	0.494867432114159
Prevotella timonensis	0.516666666666667	0.5	0.508928571428571	0.498325892857143	0.5125	0.495519292692245	0.499129779717373
Campylobacter ureolyticus	0.516666666666667	0.5	0.508928571428571	0.515625	0.525	0.505479452054794	0.5078125
Prevotella sp. oral taxon 376	0.516666666666667	0.5	0.517857142857143	0.5	0.5	0.501369863013699	0.503472222222222
Roseburia sp. CAG:471	0.5	0.391846361185984	0.467261904761905	0.48046875	0.5684375	0.509861922174316	0.502082467442505
Gordonibacter pamelaeae	0.5	0.528301886792453	0.394717261904762	0.424665178571429	0.6665625	0.511373683348797	0.518978162233306
Monoglobus pectinilyticus	0.5	0.413746630727763	0.473958333333333	0.561941964285714	0.513125	0.485160726955193	0.493254710446107
Schaalia odontolytica	0.5	0.435309973045822	0.548363095238095	0.556919642857143	0.548125	0.544365005730503	0.523675619977833
Streptococcus thermophilus	0.5	0.466981132075472	0.48735119047619	0.546316964285714	0.455625	0.480510833378814	0.480116981850928
Faecalitalea cylindroides	0.5	0.484164420485175	0.5	0.491629464285714	0.56375	0.503585657370518	0.504045874896093
Streptococcus gordonii	0.5	0.512803234501348	0.531994047619048	0.522879464285714	0.529375	0.508688533537085	0.508632931559989
Dorea sp. CAG:317	0.5	0.456873315363881	0.505580357142857	0.458147321428571	0.5	0.490858483872728	0.494085965641452
Ruminococcus sp. CAG:403	0.5	0.509433962264151	0.474702380952381	0.482142857142857	0.5003125	0.496796376139279	0.496527777777778
Megamonas funiformis CAG:377	0.5	0.518867924528302	0.479166666666667	0.515625	0.4996875	0.497931561425531	0.49980300983652
Propionibacterium freudenreichii	0.5	0.483827493261456	0.497767857142857	0.5	0.5	0.5	0.499735903297312
Streptococcus sp. A12	0.5	0.5205525606469	0.526785714285714	0.559151785714286	0.52	0.494695191835398	0.503846720005542
Clostridium disporicum	0.5	0.532345013477089	0.517857142857143	0.520647321428571	0.48625	0.497440375484364	0.500487063591022
Sellimonas intestinalis	0.5	0.445754716981132	0.503348214285714	0.4375	0.535	0.509490803907657	0.497833108201718
Blautia sp. CAG:257	0.5	0.594339622641509	0.47172619047619	0.420758928571429	0.440625	0.511919445505649	0.504799199916874
Christensenella minuta	0.5	0.501010781671159	0.47172619047619	0.579241071428571	0.550625	0.530666375593516	0.527448739262954
[Clostridium] spiroforme	0.5	0.395215633423181	0.508928571428571	0.486607142857143	0.5425	0.497625934617694	0.490180798004988
Collinsella intestinalis	0.5	0.532345013477089	0.520833333333333	0.667410714285714	0.5334375	0.518719641980025	0.525394413272375
Clostridium sp. CAG:58	0.5	0.528301886792453	0.516741071428571	0.606584821428571	0.5475	0.506871145554767	0.521184019118869
Blautia hansenii	0.5	0.51010781671159	0.488467261904762	0.482142857142857	0.4765625	0.519609234295694	0.509723954003879
Anaeromassilibacillus sp. An250	0.5	0.509433962264151	0.424107142857143	0.5	0.58375	0.522703705725045	0.520179585757828
Hafnia alvei	0.5	0.509433962264151	0.479166666666667	0.5	0.4875	0.504862740817552	0.501463355500139
Prevotella sp. CAG:1185	0.5	0.509433962264151	0.469122023809524	0.594866071428571	0.5240625	0.488904655351198	0.501459026045996
Adlercreutzia caecimuris	0.5	0.529649595687332	0.474702380952381	0.415736607142857	0.5175	0.492855973366807	0.49538696661125
Citrobacter koseri	0.5	0.509433962264151	0.497767857142857	0.482142857142857	0.5003125	0.492184685913879	0.494895573566085
Coprobacillus cateniformis	0.5	0.518867924528302	0.48735119047619	0.508928571428571	0.5021875	0.532134475795448	0.519911159600998
[Clostridium] scindens	0.5	0.523247978436658	0.532738095238095	0.501116071428571	0.546875	0.525443431752442	0.524522028262677
Eubacterium callanderi	0.5	0.509433962264151	0.5	0.5	0.5125	0.509217922829231	0.507279977140482
Christensenella hongkongensis	0.5	0.491913746630728	0.496279761904762	0.492745535714286	0.628125	0.534006439993451	0.528931577306733
Blautia hydrogenotrophica	0.5	0.493598382749326	0.535714285714286	0.522321428571429	0.500625	0.521290181738798	0.514804568440011
Actinomyces graevenitzii	0.5	0.475067385444744	0.526785714285714	0.639508928571429	0.5240625	0.51803743928396	0.5153392560266
Trueperella bernardiae	0.5	0.509433962264151	0.5	0.5	0.5	0.5	0.500868055555556
Peptococcus niger	0.5	0.509433962264151	0.5	0.5	0.5125	0.500747694154887	0.502221009975062
Actinomyces sp. HMSC035G02	0.5	0.464622641509434	0.523809523809524	0.571428571428571	0.5753125	0.574600229220106	0.551228266140205
Enorma massiliensis	0.5	0.465633423180593	0.357514880952381	0.619419642857143	0.4984375	0.49586858047263	0.487403453172624
Limosilactobacillus gastricus	0.5	0.509433962264151	0.5	0.5	0.5	0.49800796812749	0.499619008035467
[Eubacterium] brachy	0.5	0.509433962264151	0.5	0.542410714285714	0.57625	0.533024068111117	0.528005074120255
Anaerotignum lactatifermentans	0.5	0.456199460916442	0.530505952380952	0.42578125	0.56125	0.545489275773618	0.52611959684123
Slackia exigua	0.5	0.509433962264151	0.517857142857143	0.546875	0.514375	0.511308191889974	0.512261014131338
Schaalia turicensis	0.5	0.509433962264151	0.535714285714286	0.513392857142857	0.525625	0.504033182339137	0.508550671931283
Prevotella buccalis	0.5	0.509433962264151	0.487723214285714	0.5	0.5	0.501484473066638	0.501459026045996
Pseudoflavonifractor capillosus	0.5	0.509433962264151	0.450892857142857	0.494977678571429	0.51125	0.490760246684495	0.49390412856747
Firmicutes bacterium CAG:424	0.5	0.577156334231806	0.5	0.5	0.4875	0.496992850515745	0.504446349404267
Streptococcus agalactiae	0.5	0.509433962264151	0.5	0.498325892857143	0.5259375	0.501653659335262	0.502987323358271
Dielma fastidiosa	0.5	0.491913746630728	0.505208333333333	0.472098214285714	0.465625	0.522534519456421	0.508119891244112
Parvimonas sp. oral taxon 110	0.5	0.509433962264151	0.5	0.5	0.5125	0.504109589041096	0.504340277777778
Eubacterium dolichum CAG:375	0.5	0.51010781671159	0.487723214285714	0.479910714285714	0.51125	0.516203678436937	0.509966403435855
Fusobacterium necrophorum	0.5	0.518867924528302	0.5	0.515625	0.5375	0.508219178082192	0.510416666666667
Amedibacillus dolichus	0.5	0.501684636118598	0.487723214285714	0.479910714285714	0.511875	0.523844348632866	0.514127008866722
Prevotella sp. CAG:1031	0.5	0.509433962264151	0.446800595238095	0.515625	0.5125	0.501451727337226	0.500666735937933
Streptococcus sobrinus	0.5	0.518867924528302	0.5	0.464285714285714	0.500625	0.515172187960487	0.508245445414242
Lactococcus petauri	0.5	0.509433962264151	0.5	0.497209821428571	0.5	0.500824100856847	0.501071539900249
Streptococcus mutans	0.5	0.483153638814016	0.508928571428571	0.491629464285714	0.486875	0.52176499481526	0.508212974508174
Lactococcus garvieae	0.5	0.509433962264151	0.5	0.5	0.5	0.496763630409867	0.498857024106401
Actinomyces oris	0.5	0.528975741239892	0.496279761904762	0.640625	0.535	0.530491731703324	0.526364211000277
Clostridium perfringens	0.5	0.509433962264151	0.479166666666667	0.543526785714286	0.4996875	0.508655787807673	0.506398933222499
Oxalobacter formigenes	0.5	0.491239892183288	0.526785714285714	0.482142857142857	0.5125	0.499710746056868	0.501485002770851
Eubacterium sp. CAG:274	0.5	0.533018867924528	0.516369047619048	0.508928571428571	0.4725	0.495595699394204	0.498564785951787
Clostridium sp. CAG:242	0.5	0.509433962264151	0.521949404761905	0.484933035714286	0.5478125	0.515155815095781	0.510096287060127
Blautia argi	0.5	0.528301886792453	0.5	0.5	0.5	0.499459695464716	0.502307599057911
Clostridium sp. CAG:299	0.5	0.518867924528302	0.474702380952381	0.464285714285714	0.48625	0.491229602139388	0.490929793571627
Holdemania filiformis	0.5	0.483153638814016	0.617559523809524	0.581473214285714	0.62875	0.56953009878295	0.567422589359934
Streptococcus sanguinis	0.5	0.501010781671159	0.553571428571429	0.474888392857143	0.4734375	0.52250177372701	0.510273794679967
Streptococcus australis	0.5	0.51010781671159	0.53422619047619	0.525669642857143	0.4778125	0.485640997653223	0.490628896508728
[Eubacterium] sulci	0.5	0.509433962264151	0.5	0.515625	0.488125	0.524652076625007	0.507870947630923
Lactococcus lactis	0.5	0.51010781671159	0.517857142857143	0.487165178571429	0.539375	0.499285051574524	0.502151738708784
Firmicutes bacterium CAG:646	0.5	0.537735849056604	0.508928571428571	0.5	0.475	0.495677563717732	0.499227192435578
Lacticaseibacillus rhamnosus	0.5	0.509433962264151	0.508928571428571	0.498325892857143	0.488125	0.496196037766741	0.497415315876974
Romboutsia ilealis	0.5	0.473719676549865	0.5	0.535714285714286	0.425	0.494422310756972	0.487247592823497
Bifidobacterium animalis	0.5	0.519878706199461	0.535714285714286	0.55859375	0.488125	0.485460896141462	0.49805174563591
Leuconostoc carnosum	0.5	0.509433962264151	0.5	0.498325892857143	0.5	0.5	0.500493557772236
Latilactobacillus sakei	0.5	0.501684636118598	0.5	0.568080357142857	0.5125	0.503498335425422	0.506779925187032
Barnesiella sp. An22	0.5	0.491239892183288	0.5	0.5	0.5125	0.49937237351962	0.500106071626489
Roseburia sp. CAG:303	0.5	0.464285714285714	0.5	0.497209821428571	0.46125	0.481023849806254	0.481244804655029
Latilactobacillus curvatus	0.5	0.491913746630728	0.479166666666667	0.512276785714286	0.4875	0.499383288762757	0.496880628290385
Eubacterium limosum	0.5	0.464285714285714	0.5	0.514508928571429	0.488125	0.511591988211537	0.503786107647548
Fusobacterium ulcerans	0.5	0.482142857142857	0.508928571428571	0.5	0.52375	0.534459422583638	0.521158042394015
Tyzzerella nexilis	0.5	0.491239892183288	0.508928571428571	0.493303571428571	0.513125	0.531163019156252	0.516889200609587
Actinobaculum sp. oral taxon 183	0.5	0.464285714285714	0.479166666666667	0.446428571428571	0.5125	0.505659553566556	0.496956393737878
Coprobacter sp.	0.5	0.482142857142857	0.5	0.5	0.5	0.5	0.498753117206983
Lacrimispora saccharolytica	0.5	0.482142857142857	0.534970238095238	0.430245535714286	0.5	0.508191889974349	0.500720854114713
Bacteroides sp. CAG:927	0.5	0.464285714285714	0.479166666666667	0.53125	0.5	0.5	0.497995462732059
Leuconostoc mesenteroides	0.5	0.482142857142857	0.5	0.530691964285714	0.5	0.505479452054794	0.503595611665281
Actinomyces sp. oral taxon 414	0.5	0.482142857142857	0.5	0.578125	0.5125	0.502739726027397	0.505680243834857
Alistipes sp. An31A	0.5	0.482142857142857	0.5	0.53125	0.5	0.500933253288217	0.501114834441674
Parabacteroides johnsonii	0.5	0.446428571428571	0.438616071428571	0.481584821428571	0.6065625	0.510604158707635	0.505355534774176
Weissella cibaria	0.5	0.482142857142857	0.5	0.5	0.4875	0.500136440539213	0.497616635494597
Streptococcus viridans	0.5	0.482142857142857	0.5	0.514508928571429	0.513125	0.501075151448999	0.50016018980327
Lactiplantibacillus plantarum	0.5	0.482142857142857	0.5	0.53125	0.5003125	0.495410140260874	0.497281102798559
Odoribacter laneus	0.5	0.482142857142857	0.5	0.498325892857143	0.575	0.505484909676363	0.507338424771405
Candidatus Stoquefichus sp. KLE1796	0.5	0.482142857142857	0.5	0.5	0.525	0.504360639633248	0.503290385148241
Megasphaera sp. MJR8396C	0.5	0.482142857142857	0.508928571428571	0.512276785714286	0.5003125	0.499061289090215	0.49919472152951
Bacteroides sp. OM08-11	0.5	0.482142857142857	0.488467261904762	0.512276785714286	0.5	0.500114610052939	0.498947942643392
Streptococcus sp. F0442	0.5	0.482142857142857	0.488467261904762	0.513392857142857	0.4746875	0.515696119631065	0.504820847187587
Streptococcus cristatus	0.5	0.482142857142857	0.517857142857143	0.5390625	0.525625	0.512497953391912	0.510275959407038
Anaeromassilibacillus sp. An172	0.5	0.509433962264151	0.5	0.482142857142857	0.5	0.500758609398024	0.500123389443059
Sarcina ventriculi	0.5	0.509433962264151	0.5	0.482142857142857	0.5	0.5	0.499623337489609
Actinomyces viscosus	0.5	0.509433962264151	0.508928571428571	0.497209821428571	0.4875	0.507613382088086	0.504939907176503
Lawsonella clevelandensis	0.5	0.509433962264151	0.517857142857143	0.5	0.5	0.499492441194128	0.502346564145193
Lachnospiraceae bacterium 2_1_46FAA	0.5	0.509433962264151	0.5	0.5	0.488125	0.503214539103858	0.501378931144361
Actinomyces johnsonii	0.5	0.509433962264151	0.479166666666667	0.55859375	0.5003125	0.510385853844894	0.508269257412026
Actinomyces sp. oral taxon 170	0.5	0.509433962264151	0.5	0.4765625	0.4875	0.495377394531463	0.494735383762815
Atopobium deltae	0.5	0.518867924528302	0.488467261904762	0.482142857142857	0.5	0.501369863013699	0.500991444998615
Aeriscardovia aeriphila	0.5	0.509433962264151	0.485863095238095	0.400669642857143	0.5	0.49601593625498	0.491496952064284
Rikenella microfusus	0.5	0.509433962264151	0.5	0.498325892857143	0.5	0.496774545653004	0.498489020504295
Methanosphaera stadtmanae	0.5	0.509433962264151	0.5	0.545758928571429	0.5125	0.498313594935327	0.50264529648102
Pseudomonas fragi	0.5	0.509433962264151	0.5	0.482142857142857	0.5	0.499383288762757	0.499251004433361
Desulfovibrio fairfieldensis	0.5	0.509433962264151	0.5	0.482142857142857	0.4875	0.49601593625498	0.495889183291771
Harryflintia acetispora	0.5	0.509433962264151	0.505208333333333	0.5625	0.575625	0.529258309228838	0.530646041147132
Enterocloster aldenensis	0.5	0.509433962264151	0.468005952380952	0.472098214285714	0.48125	0.476346668122032	0.476993280687171
Dorea sp. D27	0.5	0.509433962264151	0.5	0.498325892857143	0.5	0.5	0.500493557772236
Pseudoflavonifractor sp. An184	0.5	0.5	0.480282738095238	0.514508928571429	0.58625	0.51172842875075	0.512916926433915
Flavonifractor sp. An10	0.5	0.5	0.416666666666667	0.559151785714286	0.55	0.49878295039022	0.500658077029648
Fructilactobacillus sanfranciscensis	0.5	0.5	0.479166666666667	0.513392857142857	0.525	0.529083665338645	0.518590676087559
Ruminococcaceae bacterium D16	0.5	0.5	0.540178571428571	0.515625	0.555	0.52615292255635	0.527621917428651
Pyramidobacter sp. C12-8	0.5	0.5	0.476934523809524	0.5	0.5125	0.501506303552912	0.501619215849266
Denitrobacterium detoxificans	0.5	0.5	0.507068452380952	0.512276785714286	0.5	0.5	0.501497991133278
Enterocloster lavalensis	0.5	0.5	0.54389880952381	0.53515625	0.4753125	0.519483708999618	0.517882810335273
Staphylococcus aureus	0.5	0.5	0.515625	0.515625	0.5	0.506238061452819	0.507076492795788
Phocaeicola coprophilus	0.5	0.5	0.494047619047619	0.494419642857143	0.5253125	0.498390001637286	0.500800949016348
Bacteroides galacturonicus	0.5	0.5	0.496279761904762	0.535714285714286	0.5125	0.480936527861158	0.488957727209753
Oscillibacter sp. PC13	0.5	0.5	0.454613095238095	0.514508928571429	0.5	0.496086885335371	0.498153487808257
Eubacteriaceae bacterium CHKCI005	0.5	0.5	0.514136904761905	0.558035714285714	0.5003125	0.493903836707963	0.500943821003048
Coprobacter fastidiosus	0.5	0.5	0.5546875	0.373883928571429	0.459375	0.474027178955411	0.475763715710723
Citrobacter europaeus	0.5	0.5	0.508928571428571	0.5	0.5	0.494973530535393	0.49776600166251
Lachnoclostridium sp. An138	0.5	0.5	0.516369047619048	0.461495535714286	0.564375	0.51268897014681	0.511509853837628
Lachnoclostridium sp. An196	0.5	0.5	0.508928571428571	0.5	0.5	0.501369863013699	0.501736111111111
Fretibacterium fastidiosum	0.5	0.5	0.494047619047619	0.5625	0.525	0.522589095672106	0.522314006650042
Ralstonia insidiosa	0.5	0.5	0.508928571428571	0.5	0.5	0.5	0.500868055555556
Bifidobacterium pullorum	0.5	0.5	0.517857142857143	0.482142857142857	0.5	0.501369863013699	0.501355119146578
Rothia aeria	0.5	0.5	0.517857142857143	0.5	0.5125	0.502810675107788	0.504424702133555
Staphylococcus argenteus	0.5	0.5	0.508928571428571	0.5	0.5	0.5	0.500868055555556
Lancefieldella rimae	0.5	0.5	0.526785714285714	0.5625	0.53375	0.524040823009333	0.522121345940704
Lachnoclostridium sp. An118	0.5	0.5	0.508928571428571	0.497767857142857	0.5375	0.494635157998144	0.499549736769188
Cloacibacillus porcorum	0.5	0.5	0.5234375	0.53125	0.5234375	0.506914806527315	0.509940426711
Corynebacterium durum	0.5	0.5	0.526785714285714	0.545758928571429	0.4875	0.500049118594117	0.502340069963979
Faecalicoccus pleomorphus	0.5	0.5	0.508928571428571	0.526785714285714	0.5253125	0.498548272662774	0.502515412856747
Prevotella histicola	0.5	0.5	0.508928571428571	0.5	0.5	0.522076079244665	0.514235245220283
Propionibacterium acidifaciens	0.5	0.5	0.508928571428571	0.482142857142857	0.5125	0.508219178082192	0.505714879467997
Cutibacterium acnes	0.5	0.5	0.518973214285714	0.5	0.5	0.49800796812749	0.502833627736215
Phocaeicola salanitronis	0.5	0.5	0.479166666666667	0.5	0.5	0.5	0.498753117206983
Flavonifractor sp. An100	0.5	0.5	0.45014880952381	0.510044642857143	0.4759375	0.49140424602958	0.49082805139928
Parascardovia denticolens	0.5	0.5	0.479166666666667	0.497209821428571	0.513125	0.515865305899689	0.508979287891383
Ruminococcus sp. CAG:579	0.5	0.5	0.517857142857143	0.514508928571429	0.5	0.502739726027397	0.503970109448601
Alloscardovia omnicolens	0.5	0.5	0.535714285714286	0.574776785714286	0.4875	0.521879604868199	0.519367813106124
[Clostridium] methylpentosum	0.5	0.5	0.535714285714286	0.52734375	0.5375	0.514850188287944	0.516845906068163
Clostridiales bacterium CHKCI006	0.5	0.5	0.508928571428571	0.498325892857143	0.5	0.497385799268679	0.498861353560543
Bacteroides sp. D2	0.5	0.5	0.458333333333333	0.5	0.513125	0.500261965835289	0.498250900526462
Lactobacillus gasseri	0.5	0.5	0.474702380952381	0.542410714285714	0.5125	0.502865251323473	0.503032782626766
Rothia kristinae	0.5	0.5	0.479166666666667	0.5	0.5	0.5	0.498753117206983
Prevotella sp. CAG:755	0.5	0.5	0.508928571428571	0.482142857142857	0.5	0.49800796812749	0.498378619423663
Bacteroides sp. CAG:598	0.5	0.5	0.508928571428571	0.478794642857143	0.5125	0.499383288762757	0.499735903297312
Bacteroides sp. CAG:633	0.5	0.5	0.526785714285714	0.482142857142857	0.5	0.503465589696011	0.503573964394569
Bacteroides sp. CAG:661	0.5	0.5	0.508928571428571	0.479910714285714	0.5	0.5	0.499242345525076
Prevotella sp. CAG:1124	0.5	0.5	0.479166666666667	0.515625	0.4875	0.49800796812749	0.49712091299529
Bacteroides sp. CAG:144	0.5	0.5	0.519345238095238	0.433035714285714	0.5275	0.5257108552093	0.513930018703242
Alistipes sp. An66	0.5	0.5	0.479166666666667	0.5	0.5125	0.497385799268679	0.497999792186201
Sanguibacteroides justesenii	0.5	0.5	0.521577380952381	0.640625	0.5259375	0.51209954701741	0.520651496259352
Jonquetella anthropi	0.5	0.5	0.517857142857143	0.5	0.5	0.49800796812749	0.500484898863951
Prevotella sp. CAG:485	0.5	0.5	0.49702380952381	0.513392857142857	0.4875	0.500867761829395	0.50032254433361
Eikenella corrodens	0.5	0.5	0.580357142857143	0.53125	0.5240625	0.507755280248868	0.515899920338044
Campylobacter gracilis	0.5	0.5	0.497767857142857	0.5	0.48625	0.503563826884244	0.500809607924633
Abiotrophia defectiva	0.5	0.5	0.5625	0.5	0.513125	0.500392948752933	0.507015880437794
Proteus hauseri	0.5	0.5	0.526785714285714	0.5	0.4875	0.504109589041096	0.503974438902743
Abiotrophia sp. HMSC24B09	0.5	0.5	0.553571428571429	0.5	0.4753125	0.498013425749059	0.501301000969798
Oribacterium sinus	0.5	0.5	0.508928571428571	0.515625	0.5125	0.516531135731048	0.511185144776947
Fusobacterium periodonticum	0.5	0.5	0.508928571428571	0.5	0.56375	0.522676417617202	0.518729218620116
Campylobacter concisus	0.5	0.5	0.508928571428571	0.5	0.4753125	0.509403481962561	0.502106279440288
Porphyromonas somerae	0.5	0.5	0.508928571428571	0.5	0.4875	0.503034437592097	0.501601898032696
Neisseria flavescens	0.5	0.5	0.553571428571429	0.5	0.48875	0.511089887027233	0.510163393599335
Streptococcus sp. HMSC034E03	0.5	0.5	0.508928571428571	0.5	0.4996875	0.499470610707854	0.500186166528124
Anaeroglobus geminatus	0.5	0.5	0.496279761904762	0.5	0.4996875	0.503913114664629	0.502623649210308
Proteus vulgaris	0.5	0.5	0.517857142857143	0.5	0.4875	0.49937237351962	0.500097412718205
Neisseria sicca	0.5	0.5	0.526785714285714	0.5	0.5125	0.507580636358675	0.508286575228595
Neisseria mucosa	0.5	0.5	0.508928571428571	0.5	0.5	0.506849315068493	0.505208333333333
Proteus penneri	0.5	0.5	0.508928571428571	0.5	0.5	0.5	0.500868055555556
Granulicatella adiacens	0.5	0.5	0.517857142857143	0.5	0.563125	0.51881242154669	0.517696643807149
Stomatobaculum longum	0.5	0.5	0.508928571428571	0.5	0.4996875	0.508344703378268	0.505829610002771
Selenomonas artemidis	0.5	0.5	0.508928571428571	0.5	0.5	0.5	0.500868055555556
Streptococcus gallolyticus	0.5	0.5	0.508928571428571	0.514508928571429	0.5125	0.501369863013699	0.503099889165974
Prevotella denticola	0.5	0.5	0.488467261904762	0.5	0.511875	0.508377449107679	0.505472430036021
Bacteroides fluxus	0.5	0.5	0.526785714285714	0.482142857142857	0.5	0.500747694154887	0.501850841645885
Flavonifractor sp. An306	0.5	0.5	0.508928571428571	0.515625	0.5	0.499383288762757	0.501363778054863
Enterococcus gilvus	0.5	0.5	0.526785714285714	0.5	0.5	0.501369863013699	0.503472222222222
Enterococcus durans	0.5	0.5	0.508928571428571	0.573660714285714	0.5	0.5	0.504455008312552
Raoultella planticola	0.5	0.5	0.508928571428571	0.5	0.486875	0.496337935927523	0.496982370462732
Raoultella ornithinolytica	0.5	0.5	0.526785714285714	0.478794642857143	0.48375	0.524783059542651	0.514395435023552
Enterococcus thailandicus	0.5	0.5	0.508928571428571	0.5	0.5	0.501369863013699	0.501736111111111
Alloprevotella tannerae	0.5	0.5	0.496279761904762	0.515625	0.5875	0.517900998744747	0.519283388750346
Prevotella oris	0.5	0.5	0.486607142857143	0.5	0.5125	0.506238061452819	0.504978872263785
Selenomonas sputigena	0.5	0.5	0.508928571428571	0.515625	0.55	0.517808219178082	0.516493055555556
Olsenella uli	0.5	0.5	0.508928571428571	0.578125	0.488125	0.513431206680129	0.511819409808811
Prevotella dentalis	0.5	0.5	0.508928571428571	0.5	0.5	0.49937237351962	0.500489228318094
[Eubacterium] infirmum	0.5	0.5	0.488467261904762	0.498325892857143	0.55	0.523325874583856	0.517581913272375
Prevotella veroralis	0.5	0.5	0.508928571428571	0.5	0.5125	0.502739726027397	0.503472222222222
Eikenella longinqua	0.5	0.5	0.508928571428571	0.5	0.5	0.5	0.500868055555556
Pseudoramibacter alactolyticus	0.5	0.5	0.508928571428571	0.5	0.5	0.499383288762757	0.500493557772236
Mogibacterium timidum	0.5	0.5	0.508928571428571	0.495535714285714	0.5290625	0.511024395568411	0.507399037129399
Alloprevotella rava	0.5	0.5	0.508928571428571	0.5	0.5125	0.503498335425422	0.503970109448601
Prevotella sp. oral taxon 306	0.5	0.5	0.508928571428571	0.5	0.5125	0.514500900507559	0.510931871709615
Shuttleworthia satelles	0.5	0.5	0.508928571428571	0.5	0.5	0.500747694154887	0.50135944860072
Prevotella baroniae	0.5	0.5	0.479166666666667	0.5	0.5	0.49800796812749	0.497506234413965
Lactiplantibacillus pentosus	0.5	0.5	0.479166666666667	0.5	0.5	0.49800796812749	0.497506234413965
Limosilactobacillus oris	0.5	0.5	0.479166666666667	0.511160714285714	0.5	0.502979861376412	0.50083991410363
Lachnoclostridium sp. An131	0.5	0.5	0.517857142857143	0.546316964285714	0.53875	0.505523113027343	0.509925273621502
Prevotella sp. CAG:891	0.5	0.5	0.497767857142857	0.497209821428571	0.5125	0.506194400480271	0.504939907176503
Bacteroides sp. 43_108	0.5	0.5	0.526785714285714	0.515625	0.5	0.502739726027397	0.505208333333333
Prevotella oralis	0.5	0.5	0.487723214285714	0.515625	0.4875	0.49937237351962	0.498865683014685
Selenomonas noxia	0.5	0.5	0.479166666666667	0.5	0.4875	0.501506303552912	0.49849767941258
Hafnia paralvei	0.5	0.5	0.497767857142857	0.464285714285714	0.5125	0.50014735578235	0.49901721390967
Pasteurella canis	0.5	0.5	0.508928571428571	0.5	0.5	0.5	0.500868055555556
Fusobacterium gonidiaformans	0.5	0.5	0.487723214285714	0.515625	0.5	0.508219178082192	0.505684573289
Actinomyces sp. oral taxon 448	0.5	0.5	0.479166666666667	0.444196428571429	0.5003125	0.502897997052884	0.49617492726517
Oribacterium sp. oral taxon 078	0.5	0.5	0.479166666666667	0.5	0.5	0.5	0.498753117206983
Scardovia inopinata	0.5	0.5	0.479166666666667	0.5	0.5	0.501369863013699	0.499619008035467
Comamonas testosteroni	0.5	0.5	0.479166666666667	0.515625	0.5	0.5	0.499623337489609
Fusobacterium sp. CAG:439	0.5	0.5	0.517857142857143	0.497209821428571	0.5	0.500114610052939	0.501463355500139
Candidatus Gastranaerophilales bacterium	0.5	0.5	0.517857142857143	0.512276785714286	0.5	0.496741799923593	0.500173178165697
Haemophilus sputorum	0.5	0.5	0.508928571428571	0.482142857142857	0.5375	0.507296840037112	0.507013715710723
Facklamia hominis	0.5	0.5	0.508928571428571	0.5	0.5	0.5	0.500868055555556
Enterococcus hirae	0.5	0.5	0.508928571428571	0.515625	0.5	0.505479452054794	0.505208333333333
Cutibacterium namnetense	0.5	0.5	0.508928571428571	0.5	0.5	0.5	0.500868055555556
Malassezia restricta	0.5	0.5	0.508928571428571	0.5	0.5	0.5	0.500868055555556
Tannerella sp. oral taxon 808	0.5	0.5	0.479166666666667	0.5	0.5	0.5	0.498753117206983
Desulfomicrobium orale	0.5	0.5	0.479166666666667	0.5	0.5	0.5	0.498753117206983
Bacteroidetes bacterium oral taxon 272	0.5	0.5	0.479166666666667	0.5	0.4875	0.49937237351962	0.497125242449432
Enterococcus malodoratus	0.5	0.5	0.508928571428571	0.5	0.5	0.5	0.500868055555556
Bavariicoccus seileri	0.5	0.5	0.508928571428571	0.5	0.5	0.5	0.500868055555556
Marvinbryantia formatexigens	0.5	0.5	0.508928571428571	0.482142857142857	0.5	0.5	0.499623337489609
Lachnoclostridium sp. An14	0.5	0.5	0.508928571428571	0.512276785714286	0.5125	0.484123778857174	0.491886602937102
Flavobacterium sp. FEMGT703F	0.5	0.5	0.535714285714286	0.5	0.5	0.5	0.503472222222222
Sediminibacterium sp. FEMGT703S	0.5	0.5	0.517857142857143	0.5	0.5	0.5	0.501736111111111
Clostridium paraputrificum	0.5	0.5	0.508928571428571	0.514508928571429	0.4503125	0.484702286743437	0.485940097672485
Prevotella disiens	0.5	0.5	0.488467261904762	0.5	0.4875	0.498870272335316	0.497718377666944
Tychonema bourrellyi	0.5	0.5	0.508928571428571	0.5	0.5	0.5	0.500868055555556
Negativicoccus succinicivorans	0.5	0.5	0.508928571428571	0.5	0.5	0.5	0.500868055555556
Gleimia europaea	0.5	0.5	0.508928571428571	0.5	0.5	0.501369863013699	0.501736111111111
Peptoniphilus lacrimalis	0.5	0.5	0.508928571428571	0.5	0.475	0.496152376794193	0.49601257273483
Actinomyces sp. oral taxon 180	0.5	0.5	0.508928571428571	0.482142857142857	0.5003125	0.506931179392021	0.503677871293987
Peptoniphilus coxii	0.5	0.5	0.508928571428571	0.515625	0.5	0.50073677891175	0.502225339429205
Porphyromonas sp. HMSC065F10	0.5	0.5	0.508928571428571	0.5	0.5	0.496741799923593	0.498857024106401
Gemella asaccharolytica	0.5	0.5	0.508928571428571	0.546875	0.5125	0.506849315068493	0.508680555555556
Clostridiales bacterium 1_7_47FAA	0.5	0.5	0.508928571428571	0.477678571428571	0.4875	0.495835834743219	0.494354391798282
Escherichia marmotae	0.5	0.5	0.488467261904762	0.5	0.4875	0.49402390438247	0.49463580631754
Gardnerella vaginalis	0.5	0.5	0.508928571428571	0.5	0.5125	0.502133930033291	0.503104218620116
Fannyhessea vaginae	0.5	0.5	0.508928571428571	0.5	0.5125	0.502739726027397	0.503472222222222
Actinotignum timonense	0.5	0.5	0.508928571428571	0.5	0.5	0.5	0.500868055555556
Mageeibacillus indolicus	0.5	0.5	0.508928571428571	0.5	0.5	0.501369863013699	0.501736111111111
Phascolarctobacterium sp.	0.5	0.5	0.517857142857143	0.5	0.5	0.5	0.501736111111111
Oribacterium parvum	0.5	0.5	0.508928571428571	0.482142857142857	0.5259375	0.533908202805218	0.522314006650042
Alistipes timonensis	0.5	0.5	0.487723214285714	0.543526785714286	0.511875	0.503716640288162	0.504723434469382
Gemmiger sp. An120	0.5	0.5	0.508928571428571	0.5	0.5	0.501369863013699	0.501736111111111
Bifidobacterium scardovii	0.5	0.5	0.508928571428571	0.5	0.5	0.49800796812749	0.499623337489609
Aggregatibacter aphrophilus	0.5	0.5	0.517857142857143	0.5	0.5003125	0.504960978005785	0.504556750484899
Brachyspira pilosicoli	0.5	0.5	0.508928571428571	0.5	0.5125	0.503552911641107	0.504035051260737
Veillonella seminalis	0.5	0.5	0.508928571428571	0.5	0.5	0.5	0.500868055555556
Enhydrobacter aerosaccus	0.5	0.5	0.508928571428571	0.5	0.5	0.5	0.500868055555556
Moraxella osloensis	0.5	0.5	0.508928571428571	0.5	0.5	0.5	0.500868055555556
Tepidimonas fonticaldi	0.5	0.5	0.508928571428571	0.5	0.5	0.5	0.500868055555556
Corynebacterium pyruviciproducens	0.5	0.5	0.508928571428571	0.5	0.5	0.5	0.500868055555556
Aggregatibacter segnis	0.5	0.5	0.508928571428571	0.515625	0.526875	0.518244828903564	0.514388940842339
Clostridium celatum	0.5	0.5	0.508928571428571	0.5	0.5	0.497500409321618	0.499352746605708
Prevotella sp. CAG:1058	0.5	0.5	0.479166666666667	0.482142857142857	0.5	0.501517218796049	0.498502008866722
Haemophilus parahaemolyticus	0.5	0.5	0.508928571428571	0.5	0.525	0.523380450799542	0.517454194375173
Morococcus cerebrosus	0.5	0.5	0.508928571428571	0.5	0.5	0.502739726027397	0.502604166666667
Bacteroides sp. CAG:443	0.5	0.5	0.5	0.546875	0.5	0.497374884025542	0.500974127182045
Streptococcus milleri	0.5	0.5	0.5	0.532924107142857	0.48875	0.504879113682257	0.502037008174009
Massilimicrobiota timonensis	0.5	0.5	0.5	0.464285714285714	0.54	0.497358511160836	0.49663817885841
Fusobacterium equinum	0.5	0.5	0.5	0.515625	0.5	0.502739726027397	0.502604166666667
Lactobacillus acidophilus	0.5	0.5	0.5	0.515625	0.4875	0.499383288762757	0.499251004433361
[Eubacterium] nodatum	0.5	0.5	0.5	0.609375	0.4875	0.502908912296021	0.506697665558326
Actinomyces naeslundii	0.5	0.5	0.5	0.636160714285714	0.45	0.505981553239098	0.504974542809642
Mogibacterium pumilum	0.5	0.5	0.5	0.609375	0.4875	0.506423620586149	0.508966299528955
Streptococcus sinensis	0.5	0.5	0.5	0.53125	0.5125	0.502739726027397	0.504340277777778
Lactococcus raffinolactis	0.5	0.5	0.5	0.515625	0.5	0.501369863013699	0.501736111111111
Succinatimonas hippei	0.5	0.5	0.5	0.512276785714286	0.53875	0.519139878840801	0.514901981158216
Blautia sp. An249	0.5	0.5	0.5	0.497209821428571	0.5125	0.504246029580309	0.503195137157107
Actinomyces radicidentis	0.5	0.5	0.5	0.482142857142857	0.5	0.501369863013699	0.499619008035467
Carnobacterium divergens	0.5	0.5	0.5	0.464285714285714	0.5	0.49800796812749	0.496259351620948
Finegoldia magna	0.5	0.5	0.5	0.498325892857143	0.5	0.500163728647056	0.499805174563591
Lactonifactor longoviformis	0.5	0.5	0.5	0.559151785714286	0.4759375	0.489439502264913	0.493886810750901
Anaerococcus vaginalis	0.5	0.5	0.5	0.546875	0.5	0.502832505594062	0.504429031587697
Clostridium cadaveris	0.5	0.5	0.5	0.515625	0.5	0.5	0.500868055555556
Schaalia cardiffensis	0.5	0.5	0.5	0.546875	0.5	0.505004638978333	0.505078449709061
Acetivibrio ethanolgignens	0.5	0.5	0.5	0.515625	0.5	0.5	0.500868055555556
Haemophilus influenzae	0.5	0.5	0.5	0.515625	0.5	0.5	0.500868055555556
Leptotrichia sp. oral taxon 215	0.5	0.5	0.5	0.515625	0.5	0.501369863013699	0.501736111111111
Campylobacter showae	0.5	0.5	0.5	0.515625	0.5	0.499547017409813	0.500610453034081
Prevotella sp. CAG:1320	0.5	0.5	0.5	0.515625	0.5	0.5	0.500868055555556
Atopobium minutum	0.5	0.5	0.5	0.515625	0.5	0.50073677891175	0.501350789692436
Faecalicatena orotica	0.5	0.5	0.5	0.497209821428571	0.5	0.500758609398024	0.500110401080632
Carnobacterium maltaromaticum	0.5	0.5	0.5	0.515625	0.5	0.5	0.500868055555556
Robinsoniella sp. RHS	0.5	0.5	0.5	0.515625	0.5	0.5	0.500868055555556
Limosilactobacillus reuteri	0.5	0.5	0.5	0.546875	0.4875	0.500758609398024	0.501868159462455
Leuconostoc gelidum	0.5	0.5	0.5	0.498325892857143	0.5	0.502739726027397	0.501355119146578
Lactobacillus johnsonii	0.5	0.5	0.5	0.515625	0.5125	0.501369863013699	0.502604166666667
Ligilactobacillus murinus	0.5	0.5	0.5	0.515625	0.5	0.5	0.500868055555556
Lactobacillus intestinalis	0.5	0.5	0.5	0.515625	0.5	0.5	0.500868055555556
Muribaculum intestinale	0.5	0.5	0.5	0.515625	0.5	0.5	0.500868055555556
Duncaniella muris	0.5	0.5	0.5	0.515625	0.5	0.5	0.500868055555556
Saccharomyces cerevisiae	0.5	0.5	0.5	0.482142857142857	0.4875	0.49601593625498	0.49501246882793
Macrococcus caseolyticus	0.5	0.5	0.5	0.482142857142857	0.5	0.5	0.498753117206983
Megamonas rupellensis	0.5	0.5	0.5	0.482142857142857	0.5	0.49937237351962	0.498369960515378
Fusobacterium hwasookii	0.5	0.5	0.5	0.515625	0.5	0.502739726027397	0.502604166666667
Anaerofustis stercorihominis	0.5	0.5	0.5	0.513392857142857	0.5	0.499503356437265	0.500220802161264
Leuconostoc pseudomesenteroides	0.5	0.5	0.5	0.497767857142857	0.5	0.5	0.499251004433361
Ruminococcus sp. CAG:624	0.5	0.5	0.5	0.515625	0.5	0.495410140260874	0.498008451094486
[Eubacterium] saphenum	0.5	0.5	0.5	0.53125	0.475	0.514653713911477	0.508606954835134
Actinomyces massiliensis	0.5	0.5	0.5	0.514508928571429	0.5	0.504109589041096	0.503104218620116
Leuconostoc garlicum	0.5	0.5	0.5	0.53125	0.5	0.500955083774491	0.502381199778332
Streptococcus sp. HMSC070B10	0.5	0.5	0.5	0.53125	0.5	0.5	0.501736111111111
Leuconostoc lactis	0.5	0.5	0.5	0.513392857142857	0.5	0.506849315068493	0.504823011914658
Prevotella sp. CAG:617	0.5	0.5	0.5	0.53125	0.5	0.49800796812749	0.500489228318094
Levilactobacillus brevis	0.5	0.5	0.5	0.515625	0.5	0.49800796812749	0.499619008035467
Vagococcus teuberi	0.5	0.5	0.5	0.515625	0.5	0.5	0.500868055555556
Sharpea azabuensis	0.5	0.5	0.5	0.513392857142857	0.5	0.5	0.500489228318094
Pediococcus pentosaceus	0.5	0.5	0.5	0.497209821428571	0.5	0.5	0.499619008035467
Escherichia albertii	0.5	0.5	0.5	0.515625	0.5	0.5	0.500868055555556
Actinomyces sp. oral taxon 897	0.5	0.5	0.5	0.512276785714286	0.5125	0.504109589041096	0.503948462177889
Pauljensenia hongkongensis	0.5	0.5	0.5	0.515625	0.5	0.501369863013699	0.501736111111111
Lactobacillus kefiranofaciens	0.5	0.5	0.5	0.512276785714286	0.5	0.5	0.500484898863951
Aeromonas hydrophila	0.5	0.5	0.5	0.515625	0.5125	0.505479452054794	0.505208333333333
Aeromonas veronii	0.5	0.5	0.5	0.515625	0.5	0.50073677891175	0.501350789692436
Clostridium sp. CAG:590	0.5	0.5	0.5	0.515625	0.5	0.5	0.500868055555556
Filifactor alocis	0.5	0.5	0.5	0.515625	0.525	0.509616329203733	0.508747662094763
Peptoanaerobacter stomatis	0.5	0.5	0.5	0.515625	0.5	0.5	0.500868055555556
Catonella morbi	0.5	0.5	0.5	0.515625	0.5	0.5	0.500868055555556
Treponema denticola	0.5	0.5	0.5	0.515625	0.5	0.49800796812749	0.499623337489609
Tannerella forsythia	0.5	0.5	0.5	0.515625	0.5	0.49800796812749	0.499619008035467
Campylobacter rectus	0.5	0.5	0.5	0.515625	0.5125	0.502739726027397	0.503472222222222
Clostridium sp. CAG:678	0.5	0.5	0.5	0.464285714285714	0.5	0.50073677891175	0.497982474369632
Leuconostoc citreum	0.5	0.5	0.5	0.482142857142857	0.5125	0.49937237351962	0.499242345525076
Streptococcus sp. oral taxon 058	0.5	0.5	0.5	0.482142857142857	0.5	0.49800796812749	0.497506234413965
Streptococcus sp. NLAE-zl-C503	0.5	0.5	0.5	0.482142857142857	0.5125	0.500758609398024	0.500123389443059
Candidatus Methanomassiliicoccus intestinalis	0.5	0.5	0.5	0.515625	0.5	0.5	0.500868055555556
Anaerofilum sp. An201	0.5	0.5	0.5	0.478794642857143	0.5003125	0.503078098564645	0.499995670545858
Lachnospiraceae bacterium oral taxon 096	0.5	0.5	0.5	0.482142857142857	0.49125	0.514926594989903	0.506175966334165
Streptococcus sp. HMSC067H01	0.5	0.5	0.5	0.482142857142857	0.4875	0.498106205315723	0.496354599612081
Lactococcus piscium	0.5	0.5	0.5	0.464285714285714	0.5	0.5	0.497506234413965
Anaerococcus lactolyticus	0.5	0.5	0.5	0.515625	0.5	0.501369863013699	0.501736111111111
Peptoniphilus harei	0.5	0.5	0.5	0.515625	0.5125	0.498182612017683	0.500632100304794
Anaerostipes caccae	0.5	0.5	0.5	0.446428571428571	0.486875	0.497811493751023	0.492888871571072
Lactobacillus ultunensis	0.5	0.5	0.5	0.482142857142857	0.5	0.5	0.498753117206983
Staphylococcus xylosus	0.5	0.5	0.5	0.482142857142857	0.5	0.5	0.498753117206983
Pediococcus acidilactici	0.5	0.5	0.5	0.482142857142857	0.4875	0.49937237351962	0.497125242449432
Pseudomonas lundensis	0.5	0.5	0.5	0.482142857142857	0.5	0.5	0.498753117206983
Clostridium sp. D5	0.5	0.5	0.5	0.482142857142857	0.4875	0.499634339354909	0.49735470351898
Dellaglioa algida	0.5	0.5	0.5	0.482142857142857	0.5	0.501369863013699	0.499619008035467
Brachyspira sp. CAG:700	0.5	0.5	0.5	0.5	0.538125	0.494438683621678	0.498172970351898
Stenotrophomonas maltophilia	0.5	0.5	0.5	0.5	0.5125	0.501369863013699	0.501736111111111
Aggregatibacter sp. oral taxon 458	0.5	0.5	0.5	0.5	0.511875	0.49889210282159	0.499835480742588
Haemophilus haemolyticus	0.5	0.5	0.5	0.5	0.5625	0.509097855154723	0.510143911055694
Lachnoanaerobaculum saburreum	0.5	0.5	0.5	0.5	0.5375	0.52202150302898	0.51659046827376
Streptococcus pseudopneumoniae	0.5	0.5	0.5	0.5	0.4875	0.498248103476505	0.497722707121086
Paraclostridium bifermentans	0.5	0.5	0.5	0.5	0.525	0.502739726027397	0.503472222222222
Streptococcus sp. HMSC071D03	0.5	0.5	0.5	0.5	0.5125	0.49937237351962	0.500484898863951
Prevotella pallens	0.5	0.5	0.5	0.5	0.511875	0.51663483054085	0.510717563729565
Megasphaera stantonii	0.5	0.5	0.5	0.5	0.5125	0.504873656060689	0.503970109448601
Streptococcus sp. M334	0.5	0.5	0.5	0.5	0.50125	0.508011788462588	0.504431196314769
Helicobacter cinaedi	0.5	0.5	0.5	0.5	0.4996875	0.505594062107733	0.503190807702965
Fusobacterium sp. oral taxon 370	0.5	0.5	0.5	0.5	0.525	0.515068493150685	0.511284722222222
Aeromonas dhakensis	0.5	0.5	0.5	0.5	0.5125	0.505479452054794	0.504340277777778
Selenomonas sp. oral taxon 920	0.5	0.5	0.5	0.5	0.5125	0.501369863013699	0.501736111111111
Erysipelothrix larvae	0.5	0.5	0.5	0.5	0.4875	0.493379905037385	0.494622817955112
Moraxella catarrhalis	0.5	0.5	0.5	0.5	0.5125	0.502739726027397	0.502604166666667
Gemmiger sp. An87	0.5	0.5	0.5	0.5	0.45	0.49398570103149	0.491542411332779
Aeromonas allosaccharophila	0.5	0.5	0.5	0.5	0.5125	0.504109589041096	0.503472222222222
Porphyromonas gingivalis	0.5	0.5	0.5	0.5	0.525	0.50217759100584	0.503177819340538
Bacteroides heparinolyticus	0.5	0.5	0.5	0.5	0.5125	0.500758609398024	0.501363778054863
Prevotella jejuni	0.5	0.5	0.5	0.5	0.4875	0.500889592315669	0.499361405513993
Prevotella salivae	0.5	0.5	0.5	0.5	0.4875	0.507700704033182	0.503684365475201
Kluyvera cryocrescens	0.5	0.5	0.5	0.5	0.5003125	0.496152376794193	0.497250796619562
Terrisporobacter othiniensis	0.5	0.5	0.5	0.5	0.475	0.493379905037385	0.493373770435024
Leptotrichia wadei	0.5	0.5	0.5	0.5	0.4875	0.49800796812749	0.497506234413965
Citrobacter sp. MGH106	0.5	0.5	0.5	0.5	0.4875	0.497396714511816	0.497133901357717
Serratia liquefaciens	0.5	0.5	0.5	0.5	0.4875	0.49937237351962	0.498369960515378
Prevotella oulorum	0.5	0.5	0.5	0.5	0.4875	0.497385799268679	0.497125242449432
Selenomonas flueggei	0.5	0.5	0.5	0.5	0.475	0.49601593625498	0.49501246882793
Eikenella halliae	0.5	0.5	0.5	0.5	0.4875	0.49800796812749	0.497506234413965
Leptotrichia hofstadii	0.5	0.5	0.5	0.5	0.4875	0.499383288762757	0.498378619423663
Kluyvera ascorbata	0.5	0.5	0.5	0.5	0.4875	0.49203187250996	0.493765586034913
Klebsiella grimontii	0.5	0.5	0.5	0.5	0.5125	0.501369863013699	0.501736111111111
Aliarcobacter butzleri	0.5	0.5	0.5	0.5	0.5125	0.49937237351962	0.500484898863951
Bacteroides stercorirosoris	0.5	0.5	0.5	0.5	0.5125	0.498755662282377	0.500106071626489
Bacteroides oleiciplenus	0.5	0.5	0.5	0.5	0.525	0.504829995088141	0.504814353006373
Cronobacter sakazakii	0.5	0.5	0.5	0.5	0.4875	0.49800796812749	0.497506234413965
Lactobacillus iners	0.5	0.5	0.5	0.5	0.4996875	0.503487420182285	0.5018421827376
Sneathia vaginalis	0.5	0.5	0.5	0.5	0.5125	0.504109589041096	0.503472222222222
Streptococcus downei	0.5	0.5	0.5	0.5	0.5125	0.504393385362659	0.503706012745913
Treponema vincentii	0.5	0.5	0.5	0.5	0.5125	0.501369863013699	0.501736111111111
Treponema socranskii	0.5	0.5	0.5	0.5	0.5125	0.501369863013699	0.501736111111111
Leptotrichia sp. oral taxon 212	0.5	0.5	0.5	0.5	0.5125	0.501369863013699	0.501736111111111
Veillonella denticariosi	0.5	0.5	0.5	0.5	0.5125	0.503552911641107	0.503173489886395
Serratia marcescens	0.5	0.5	0.5	0.5	0.5125	0.499525186923539	0.500606123579939
Eggerthia catenaformis	0.5	0.5	0.5	0.5	0.5125	0.504851825574415	0.503957121086173
Synergistes jonesii	0.5	0.5	0.5	0.5	0.5003125	0.49937237351962	0.499242345525076
Bacteroidales bacterium KA00251	0.5	0.5	0.5	0.5	0.5125	0.5	0.500868055555556
Clostridium neonatale	0.5	0.5	0.5	0.5	0.475	0.488184249304153	0.490152656553062
Enterococcus asini	0.5	0.5	0.5	0.5	0.4875	0.49800796812749	0.497506234413965
Dysgonomonas sp. 37-18	0.5	0.5	0.5	0.5	0.4875	0.49800796812749	0.497506234413965
Dysgonomonas gadei	0.5	0.5	0.5	0.5	0.4875	0.49601593625498	0.496259351620948
Enterococcus canis	0.5	0.5	0.5	0.5	0.4875	0.49800796812749	0.497506234413965
Clostridium sp. 7_2_43FAA	0.5	0.5	0.5	0.5	0.4875	0.496130546307919	0.496371917428651
Enterococcus dispar	0.5	0.5	0.5	0.5	0.4875	0.499383288762757	0.498378619423663
Lautropia mirabilis	0.5	0.5	0.5	0.5	0.4875	0.497385799268679	0.497129571903574
Tyzzerella sp. An114	0.5	0.5	0.5	0.5	0.4875	0.500092779566665	0.498844035743973
Phocaeicola sartorii	0.5	0.5	0.5	0.5	0.5125	0.502739726027397	0.502604166666667
Prevotella amnii	0.5	0.5	0.5	0.5	0.5125	0.502739726027397	0.502604166666667
Streptococcus sp. oral taxon 056	0.5	0.5	0.5	0.5	0.4875	0.498733831796103	0.497982474369632
Cardiobacterium valvarum	0.5	0.5	0.5	0.5	0.4875	0.49937237351962	0.498369960515378
Clostridium butyricum	0.5	0.5	0.5	0.5	0.5	0.501620913605851	0.501088857716819
Stenotrophomonas rhizophila	0.5	0.5	0.5	0.5	0.5	0.501369863013699	0.500868055555556
Kosakonia cowanii	0.5	0.5	0.5	0.5	0.5	0.502739726027397	0.501736111111111
Meiothermus silvanus	0.5	0.5	0.5	0.5	0.5	0.50073677891175	0.500484898863951
Thermus scotoductus	0.5	0.5	0.5	0.5	0.5	0.50073677891175	0.500484898863951
Streptococcus pneumoniae	0.5	0.5	0.5	0.5	0.5	0.498755662282377	0.499242345525076
Schaalia georgiae	0.5	0.5	0.5	0.5	0.5	0.501369863013699	0.500868055555556
Oribacterium asaccharolyticum	0.5	0.5	0.5	0.5	0.5	0.505659553566556	0.503604270573566
Schaalia meyeri	0.5	0.5	0.5	0.5	0.5	0.501369863013699	0.500868055555556
Enterococcus raffinosus	0.5	0.5	0.5	0.5	0.5	0.49616329203733	0.497625294402882
[Butyribacterium] methylotrophicum	0.5	0.5	0.5	0.5	0.5	0.502210336735251	0.501454696591854
Clostridium sp. chh4-2	0.5	0.5	0.5	0.5	0.5	0.49601593625498	0.497506234413965
Selenomonas sp. oral taxon 126	0.5	0.5	0.5	0.5	0.5	0.505479452054794	0.503472222222222
Paeniclostridium sordellii	0.5	0.5	0.5	0.5	0.5	0.499383288762757	0.499623337489609
Criibacterium bergeronii	0.5	0.5	0.5	0.5	0.5	0.501369863013699	0.500868055555556
Campylobacter hominis	0.5	0.5	0.5	0.5	0.5	0.50073677891175	0.500484898863951
Streptococcus sp. SK643	0.5	0.5	0.5	0.5	0.5	0.501369863013699	0.500868055555556
Eubacterium sp. An11	0.5	0.5	0.5	0.5	0.5	0.501369863013699	0.500868055555556
Neisseria perflava	0.5	0.5	0.5	0.5	0.5	0.508219178082192	0.505208333333333
Peptacetobacter hiranonis	0.5	0.5	0.5	0.5	0.5	0.505479452054794	0.503472222222222
Photobacterium damselae	0.5	0.5	0.5	0.5	0.5	0.501369863013699	0.500868055555556
Neisseria polysaccharea	0.5	0.5	0.5	0.5	0.5	0.501369863013699	0.500868055555556
Arachnia propionica	0.5	0.5	0.5	0.5	0.5	0.499383288762757	0.499623337489609
Bacteroides sp. OM05-12	0.5	0.5	0.5	0.5	0.5	0.49601593625498	0.497506234413965
Murimonas intestini	0.5	0.5	0.5	0.5	0.5	0.498755662282377	0.499242345525076
Lachnoclostridium sp. An298	0.5	0.5	0.5	0.5	0.5	0.502739726027397	0.501736111111111
Gemmiger sp. An50	0.5	0.5	0.5	0.5	0.5	0.506227146209682	0.503961450540316
Gemmiger sp. An194	0.5	0.5	0.5	0.5	0.5	0.497522239807892	0.498489020504295
Kingella oralis	0.5	0.5	0.5	0.5	0.5	0.49800796812749	0.498753117206983
Lachnoanaerobaculum umeaense	0.5	0.5	0.5	0.5	0.5	0.50073677891175	0.500484898863951
Lactobacillus kalixensis	0.5	0.5	0.5	0.5	0.5	0.502739726027397	0.501736111111111
Dolosigranulum pigrum	0.5	0.5	0.5	0.5	0.5	0.501369863013699	0.500868055555556
Corynebacterium accolens	0.5	0.5	0.5	0.5	0.5	0.502739726027397	0.501736111111111
Ezakiella coagulans	0.5	0.5	0.5	0.5	0.5	0.498755662282377	0.499242345525076
Edwardsiella tarda	0.5	0.5	0.5	0.5	0.5	0.505479452054794	0.503472222222222
Helicobacter pylori	0.5	0.5	0.5	0.5	0.5	0.502133930033291	0.501363778054863
Parvimonas sp. oral taxon 393	0.5	0.5	0.5	0.5	0.5	0.502739726027397	0.501736111111111
Centipeda periodontii	0.5	0.5	0.5	0.5	0.5	0.501369863013699	0.500868055555556
Haemophilus paraphrohaemolyticus	0.5	0.5	0.5	0.5	0.5	0.503509250668559	0.50223399833749
Prevotella multiformis	0.5	0.5	0.5	0.5	0.5	0.502739726027397	0.501736111111111
Treponema medium	0.5	0.5	0.5	0.5	0.5	0.501369863013699	0.500868055555556
Methanobrevibacter arboriphilus	0.5	0.5	0.5	0.5	0.5	0.501369863013699	0.500868055555556
Megasphaera cerevisiae	0.5	0.5	0.5	0.5	0.5	0.500136440539213	0.500114730534774
Flavonifractor sp. An82	0.5	0.5	0.5	0.5	0.5	0.502739726027397	0.501736111111111
Megasphaera hexanoica	0.5	0.5	0.5	0.5	0.5	0.49402390438247	0.496259351620948
Clostridioides difficile	0.5	0.5	0.5	0.5	0.5	0.505479452054794	0.503472222222222
Escherichia sp. ESNIH1	0.5	0.5	0.5	0.5	0.5	0.501369863013699	0.500868055555556
Cellulosilyticum lentocellum	0.5	0.5	0.5	0.5	0.5	0.501369863013699	0.500868055555556
Bifidobacterium moukalabense	0.5	0.5	0.5	0.5	0.5	0.501369863013699	0.500868055555556
Campylobacter upsaliensis	0.5	0.5	0.5	0.5	0.5	0.499383288762757	0.499623337489609
Veillonellaceae bacterium DNF00626	0.5	0.5	0.5	0.5	0.5	0.501369863013699	0.500868055555556
Aerococcus christensenii	0.5	0.5	0.5	0.5	0.5	0.501369863013699	0.500868055555556
Helicobacter equorum	0.5	0.5	0.5	0.5	0.5	0.49800796812749	0.498753117206983
Streptococcus macedonicus	0.5	0.5	0.5	0.5	0.5	0.501369863013699	0.500868055555556
Atlantibacter hermannii	0.5	0.5	0.5	0.5	0.5	0.501369863013699	0.500868055555556
Varibaculum cambriense	0.5	0.5	0.5	0.5	0.5	0.500747694154887	0.500489228318094
Mitsuokella sp. oral taxon 131	0.5	0.5	0.5	0.5	0.5	0.501369863013699	0.500868055555556
Prevotella scopos	0.5	0.5	0.5	0.5	0.5	0.49800796812749	0.498753117206983
Neisseria sp. oral taxon 014	0.5	0.5	0.5	0.5	0.5	0.501369863013699	0.500868055555556
Shewanella algae	0.5	0.5	0.5	0.5	0.5	0.501369863013699	0.500868055555556
Raoultella terrigena	0.5	0.5	0.5	0.5	0.5	0.501369863013699	0.500868055555556
Lelliottia jeotgali	0.5	0.5	0.5	0.5	0.5	0.501369863013699	0.500868055555556
Corynebacterium simulans	0.5	0.5	0.5	0.5	0.5	0.501369863013699	0.500868055555556
Corynebacterium matruchotii	0.5	0.5	0.5	0.5	0.5	0.502739726027397	0.501736111111111
Haemophilus quentini	0.5	0.5	0.5	0.5	0.5	0.501369863013699	0.500868055555556
Neisseria elongata	0.5	0.5	0.5	0.5	0.5	0.502739726027397	0.501736111111111
Lactobacillus equicursoris	0.5	0.5	0.5	0.5	0.5	0.501369863013699	0.500868055555556
Helicobacter pullorum	0.5	0.5	0.5	0.5	0.5	0.49800796812749	0.498753117206983
Clostridium sp. SY8519	0.5	0.5	0.5	0.5	0.5	0.499383288762757	0.499623337489609
Ralstonia pickettii	0.5	0.5	0.5	0.5	0.5	0.50501555422147	0.503216784427819
Providencia alcalifaciens	0.5	0.5	0.5	0.5	0.5	0.49800796812749	0.498753117206983
Peptoniphilus sp. HMSC062D09	0.5	0.5	0.5	0.5	0.5	0.49800796812749	0.498753117206983
Prevotella colorans	0.5	0.5	0.5	0.5	0.5	0.49800796812749	0.498753117206983
Acinetobacter johnsonii	0.5	0.5	0.5	0.5	0.5	0.49800796812749	0.498753117206983
Campylobacter curvus	0.5	0.5	0.5	0.5	0.5	0.501369863013699	0.500868055555556
Kluyvera intermedia	0.5	0.5	0.5	0.5	0.5	0.49800796812749	0.498753117206983
Bifidobacterium merycicum	0.5	0.5	0.5	0.5	0.5	0.49800796812749	0.498753117206983
Phytobacter ursingii	0.5	0.5	0.5	0.5	0.5	0.49601593625498	0.497506234413965
Phytobacter palmae	0.5	0.5	0.5	0.5	0.5	0.49800796812749	0.498753117206983
[Kluyvera] intestini	0.5	0.5	0.5	0.5	0.5	0.49800796812749	0.498753117206983
Kosakonia sacchari	0.5	0.5	0.5	0.5	0.5	0.49800796812749	0.498753117206983
Methanosphaera sp. SHI1033	0.5	0.5	0.5	0.5	0.5	0.501369863013699	0.500868055555556
Enterobacter soli	0.5	0.5	0.5	0.5	0.5	0.49800796812749	0.498753117206983
Hungatella effluvii	0.5	0.5	0.5	0.5	0.5	0.49800796812749	0.498753117206983
