FR-CRC	AT-CRC	CN-CRC	US-CRC	DE-CRC	LOSO
CCIS00146684ST-4-0	0.465838461930516	0.347922398614776	0.114695544268669	0.120247589395411	0.773865545309062	0.0634453638708243
CCIS00281083ST-3-0	0.234160875290095	0.446051733823916	0.0982202285871345	0.186167612121288	0.184061198894581	0.199133718381907
CCIS02124300ST-4-0	0.543869835437211	0.665003147094316	0.198898877250413	0.280221451897003	0.257122033993005	0.296586403614367
CCIS02379307ST-4-0	0.832162907363035	0.921605966087467	0.843983738986601	0.712296014718662	0.90069891985573	0.999465968424687
CCIS02856720ST-4-0	0.444568338049965	0.372832234878642	0.173819920793097	0.309506376049913	0.275643221538615	0.762455498744359
CCIS03473770ST-4-0	0.231219550871556	0.306638814941469	0.610838938504195	0.0508137429397481	0.466412597379209	0.0890567364389731
CCIS03857607ST-4-0	0.345696123861861	0.575039929746654	0.141206134183243	0.160306722005927	0.164710351651691	0.0432857052983522
CCIS05314658ST-4-0	0.248078592775573	0.509782198973116	0.0519237385990708	0.166339099698962	0.113273617059222	0.198902343205821
CCIS06260551ST-3-0	0.771912158031326	0.262614219056825	0.912986576732568	0.563653927716768	0.836829440648975	0.965936835346724
CCIS07277498ST-4-0	0.453566550710218	0.308359648663947	0.171593076731862	0.192489124456334	0.423587526937046	0.619270646072392
CCIS07539127ST-4-0	0.356949147684105	0.648729432118671	0.358779515742595	0.13956535004566	0.787774320556936	0.106735995113725
CCIS07648107ST-4-0	0.527998873656655	0.192118337831912	0.55429278136047	0.238363856664358	0.420562961438417	0.479710644427415
CCIS09568613ST-4-0	0.141064620322812	0.339655625964435	0.545581502583725	0.251949200707207	0.671481359397718	0.0571569838720628
CCIS10706551ST-3-0	0.175443402575178	0.294857281634799	0.0405285745218273	0.174155543871997	0.197963663628035	0.0565897009833842
CCIS11015875ST-4-0	0.908070813189258	0.315751713757165	0.646282354237686	0.672767973619846	0.940564697291623	0.997009766768165
CCIS11354283ST-4-0	0.2401926739143	0.325404076793573	0.278038724760975	0.547874617704182	0.659100931861233	0.689045887606764
CCIS11362406ST-4-0	0.227184271084376	0.805828766815224	0.140678517086674	0.480643121250048	0.496984338699612	0.957690109194262
CCIS11558985ST-4-0	0.493286612461984	0.196726870351173	0.0998952070517252	0.409324804077423	0.241903592949594	0.1771394191491
CCIS12370844ST-4-0	0.523901929236508	0.375294982464023	0.399238537095614	0.261038485796366	0.42026793005953	0.739474714453382
CCIS12656533ST-4-0	0.728021812420298	0.248386106283336	0.640439261792809	0.360427674167356	0.943753501502866	0.935005407651317
CCIS13047523ST-4-0	0.282024335497043	0.37893656069298	0.219843046632793	0.281384052138075	0.645026414268704	0.0981592774412822
CCIS14449628ST-4-0	0.94963556703194	0.954155872803198	0.944293768566322	0.720741877692547	0.951862891792679	0.99940244802715
CCIS15704761ST-4-0	0.877205237405306	0.296612668424327	0.778881438070869	0.319054395509085	0.762911238467096	0.724431940718006
CCIS15794887ST-4-0	0.38773637936098	0.324402138590657	0.187944953542915	0.365699094666261	0.316137124242561	0.719398795528947
CCIS16326685ST-4-0	0.499756380107737	0.817397535838488	0.75381973807594	0.157527652698907	0.837978908369953	0.927419919424902
CCIS16383318ST-4-0	0.296764898184991	0.898545267207307	0.70433617952334	0.655202853136835	0.277732441813582	0.807940489279764
CCIS16561622ST-4-0	0.321273266115131	0.221259098805004	0.33456197546336	0.268446030946288	0.554111936051008	0.123118946219736
CCIS17669415ST-4-0	0.494334267005874	0.594301022367069	0.854303445005915	0.495007185030084	0.913836721317718	0.955599549036474
CCIS20795251ST-4-0	0.404003669145887	0.216452190603208	0.112289895674792	0.0359576317982188	0.434416345047796	0.0258196350751883
CCIS21126322ST-4-0	0.243090370075599	0.363528421066619	0.0417724930538533	0.0778497560466618	0.239049979506439	0.0195035497980808
CCIS21278152ST-4-0	0.817369352447736	0.627506236553533	0.636738275510298	0.434463463450257	0.96194937027698	0.948900663300815
CCIS22416007ST-4-0	0.624021355588971	0.184107484088525	0.733683743158521	0.364979873195324	0.768485631407485	0.985746355458493
CCIS22958137ST-20-0	0.624905062632935	0.767026986398749	0.811971058767008	0.775305963926397	0.825742737976601	0.9632202259004
CCIS23164343ST-4-0	0.21701315817058	0.113188509964436	0.197315651267986	0.123993284053656	0.476048001646127	0.191320882131461
CCIS24254057ST-4-0	0.852069549987747	0.253256062323799	0.965537153353767	0.64476267914939	0.939223833607127	0.992130873436346
CCIS27304052ST-3-0	0.266476883203708	0.367581084483112	0.229508637730247	0.0341486905990968	0.151101025023602	0.000471076090030278
CCIS27927933ST-4-0	0.397949824067703	0.108287201145071	0.851275617666898	0.205727335043018	0.794746753559083	0.329093031914274
CCIS29210128ST-4-0	0.580596939595629	0.478795471150723	0.689759375781116	0.496798611984997	0.570687615341657	0.573891382313657
CCIS29688262ST-20-0	0.0841546478431709	0.280456656052691	0.51328797244673	0.257264096850319	0.775973903407403	0.866818533601961
CCIS32452666ST-4-0	0.262377440519723	0.350324730631079	0.169916490042576	0.172315738360736	0.253763239221308	0.406320524282636
CCIS33816588ST-4-0	0.992374143398298	0.979549369502732	0.997970925795823	0.837900120347131	0.997817158644824	0.999986189637022
CCIS34055159ST-4-0	0.854074903819146	0.843857596854668	0.522515507455965	0.754373509471891	0.766680168346083	0.899626401720485
CCIS34604008ST-4-0	0.265734663319852	0.367760878381698	0.121505451715468	0.375914926557388	0.592197904879013	0.0848869048846897
CCIS35100175ST-4-0	0.890504458254818	0.935992240942854	0.984653203661075	0.85405311099826	0.964604012419702	0.999423666094145
CCIS36699628ST-4-0	0.209192633048504	0.164840799179597	0.662285874552884	0.433185972375245	0.677987462150077	0.467167197529811
CCIS36797902ST-4-0	0.488194880434191	0.858284797026216	0.92759056455711	0.626468794749776	0.904136230578357	0.994456907444327
CCIS38765456ST-20-0	0.941849908061278	0.932296469310748	0.911834541012873	0.387045798850277	0.92296598172806	0.993728523714251
CCIS40244499ST-3-0	0.489596520555346	0.949240009183073	0.915185628382344	0.787428627877547	0.936179474834448	0.999194636867549
CCIS41222843ST-4-0	0.306444258610928	0.161245466751894	0.301398553554086	0.0600365298471891	0.630646164161776	0.393168509907252
CCIS41288781ST-4-0	0.535744866758535	0.430447356281957	0.594736212980859	0.534450669819582	0.835730181996372	0.267083964035183
CCIS41548810ST-4-0	0.350628440547404	0.290630396058001	0.187168669696515	0.468896297565661	0.641302284997052	0.830621483946899
CCIS41692898ST-4-0	0.144086497422208	0.447145186905376	0.195882503825457	0.579647436601198	0.307517139012906	0.74268856217231
CCIS44093303ST-4-0	0.488724528674421	0.587154592876124	0.606748722824143	0.476130621864608	0.694618682520314	0.348600309148646
CCIS44757994ST-4-0	0.960439549187302	0.264057060071854	0.632468465956264	0.510109830990492	0.785661938971441	0.822200128753842
CCIS45571137ST-3-0	0.290686913099803	0.304842827431238	0.0766479122024333	0.171772740884628	0.120868440424838	0.0735879236673086
CCIS45793747ST-4-0	0.277030292692237	0.379151154822618	0.481073353274533	0.358426482413833	0.61676421382993	0.433738036568799
CCIS46047672ST-4-0	0.537320687233338	0.764749216160602	0.794735582287961	0.359682565147354	0.816876334653162	0.967425046781468
CCIS46467422ST-4-0	0.370140696978386	0.250656871412372	0.561967794336687	0.266062807600469	0.532572672065867	0.238166892253434
CCIS47284573ST-4-0	0.276873102162783	0.387581147246972	0.942376738333908	0.429947914066205	0.505177811857398	0.249921793793109
CCIS48174381ST-4-0	0.266370370172469	0.253640628905273	0.34029188508834	0.703989684612263	0.53064771456072	0.280419458443794
CCIS48725289ST-4-0	0.160264050444201	0.303350498172556	0.0457025386818382	0.22090351709778	0.625661298871546	0.0403774650371205
CCIS50003399ST-4-0	0.154183937043249	0.151342561913553	0.173413086780259	0.307332515145722	0.439223119978417	0.15581008053609
CCIS50148151ST-4-0	0.920903554860863	0.511944380043535	0.756622284057581	0.552651256032342	0.909064934110589	0.908206216381469
CCIS50471204ST-4-0	0.503380671988447	0.531796257974099	0.582380122992487	0.272887801588588	0.855398698540175	0.944386593186179
CCIS51595129ST-4-0	0.317577869817754	0.296672323243569	0.0644213419948791	0.0761187838375616	0.165397370871407	0.0130192588465543
CCIS52370277ST-4-0	0.595164435770404	0.594447854519693	0.939446992350055	0.66642922049769	0.909862114296791	0.997913749667193
CCIS53043478ST-4-0	0.495273762218276	0.974818304113973	0.836152817560668	0.567511020644351	0.933820386006692	0.99997740690802
CCIS53355328ST-4-0	0.634030805231957	0.212844074416206	0.472051611010268	0.156188965141578	0.808840295584207	0.309836153924337
CCIS55230578ST-4-0	0.465454713182213	0.936793811820486	0.881699532513005	0.602200845246639	0.687872953972727	0.992437942312268
CCIS58234805ST-4-0	0.928493265833709	0.978270500033819	0.996018832182232	0.846611021932934	0.970404638829338	0.999993715181512
CCIS59132091ST-4-0	0.380705242998196	0.223699745555052	0.327362122409446	0.0605979654320227	0.497896052931176	0.0955733001553932
CCIS61287323ST-4-0	0.584903315712778	0.79409061532558	0.652953449658411	0.75775795318023	0.780166698089074	0.968080571857136
CCIS62605362ST-3-0	0.771181863663821	0.526418640455674	0.286706213323519	0.154851051680219	0.558146586672154	0.323349732415363
CCIS62794166ST-4-0	0.501823044809586	0.248086858639269	0.459779945447561	0.57460338079158	0.646775948269472	0.352899848928202
CCIS63448910ST-4-0	0.386710028167936	0.278058715042262	0.468417222838842	0.179419802654826	0.859557451758128	0.456775372251739
CCIS63468405ST-4-0	0.215517201394668	0.799604499036846	0.794870764952884	0.44121887547198	0.483346797328065	0.709033456789187
CCIS63910149ST-4-0	0.163109162480605	0.358854754048017	0.0754875233608474	0.0918708333726543	0.386819623673911	0.142102319466862
CCIS64773582ST-4-0	0.531054667591953	0.414329171248149	0.145571425540295	0.387633204795506	0.49076630089284	0.518385137235845
CCIS64785924ST-20-0	0.182972483285732	0.289106740609689	0.434471132277568	0.15615119404086	0.37174902318692	0.210648342900208
CCIS65479369ST-4-0	0.723545297025922	0.924390385572433	0.876718290985752	0.61107092855942	0.959474671758068	0.995042225512868
CCIS71301801ST-4-0	0.826352093753434	0.6443605381149	0.642925882600941	0.643255711625698	0.921715951682779	0.918075070838676
CCIS71578391ST-4-0	0.306294119782351	0.457128450741392	0.0958419480745701	0.184010507298363	0.462730701124748	0.469052312630741
CCIS72607085ST-4-0	0.298386040749578	0.198720772116481	0.604332288595607	0.233243295906728	0.618886781958823	0.232080076519409
CCIS74239020ST-4-0	0.260003300993982	0.403475545307831	0.105996839211012	0.186861472984102	0.539235866059503	0.0361657930746278
CCIS76845094ST-20-0	0.776397926879582	0.213961643635454	0.554746854585041	0.812409918891459	0.977040217687379	0.994138824013942
CCIS77252613ST-4-0	0.168199542880568	0.775837143399015	0.668659650428766	0.26841451509615	0.828132067571866	0.837426070271325
CCIS78100604ST-4-0	0.275496954449887	0.48393020380235	0.081966499221344	0.390466755919381	0.663222566036328	0.0645415624292483
CCIS78318719ST-4-0	0.425801785619113	0.698927439572208	0.460407383944623	0.32577156651206	0.72483193162282	0.918050956299793
CCIS79210440ST-3-0	0.628570747559667	0.657825149050737	0.381494167806909	0.326152172131836	0.743148586345271	0.773293737372766
CCIS80834637ST-4-0	0.249932848817644	0.210864160732732	0.479624998380189	0.351208890724505	0.545605617365494	0.831807099496299
CCIS81139242ST-4-0	0.163304546102136	0.538187442223823	0.315083113747905	0.359243050971651	0.74313391913682	0.144445699533593
CCIS81887263ST-4-0	0.642774441532157	0.575031273902595	0.714110581312012	0.321406586528973	0.869127127249263	0.972255849713896
CCIS82146115ST-4-0	0.17999485104436	0.335000008826641	0.739904288671019	0.250459163119312	0.676476118068658	0.378870104459438
CCIS82507866ST-3-0	0.155961313221274	0.288755500184541	0.100795476424901	0.0801828654653192	0.177196202199989	0.0531280005461791
CCIS82944710ST-20-0	0.45472206221084	0.110926103403294	0.340754572192294	0.119839193132168	0.282936042059824	0.142638287387246
CCIS83870198ST-4-0	0.42477887531302	0.274639939211767	0.226221265160585	0.349476879250168	0.491710855388966	0.760780715299314
CCIS84543192ST-4-0	0.391615692045512	0.760313124228652	0.485778045880154	0.292838175732106	0.524433618262729	0.886907523485768
CCIS85214191ST-3-0	0.936442155951346	0.120780237993659	0.945533735837424	0.766403981952387	0.876976281061933	0.887875164270828
CCIS87116798ST-4-0	0.597279914201335	0.751496439601991	0.871861474931703	0.260703492878675	0.66208450856861	0.850262208513128
CCIS87167916ST-4-0	0.854582596400798	0.355964563455373	0.830787233498394	0.835852472606916	0.846671318229906	0.991606602420326
CCIS87252800ST-4-0	0.899077051695962	0.270175398670576	0.788070026717649	0.873324855676941	0.919774618148111	0.789698331769518
CCIS87605453ST-4-0	0.387564719625586	0.0934911058571676	0.418931460641345	0.267647651758082	0.350176381913831	0.043903801905274
CCIS88007743ST-4-0	0.191882627933947	0.139011630249263	0.633156959864789	0.683455752390405	0.842774534029687	0.116709188772444
CCIS88317640ST-4-0	0.4176259283006	0.759362794980431	0.608868812060158	0.538924657615608	0.64606641751934	0.876143542787613
CCIS90164298ST-4-0	0.418493881860972	0.517373056009173	0.202840381099315	0.18672829929873	0.306389089320896	0.0373410214680607
CCIS91228662ST-4-0	0.650284332516476	0.914981969519238	0.452899117214536	0.585569781763612	0.873649080068217	0.854445569343152
CCIS93040568ST-20-0	0.460431133528082	0.33622193604485	0.80751348377287	0.17371705346732	0.557698829947579	0.836330120740146
CCIS94417875ST-3-0	0.24471308889828	0.241268023132716	0.582451218038372	0.171312809591769	0.319002747703895	0.365251161361352
CCIS94603952ST-4-0	0.235994019147681	0.293494906682278	0.0554872364030131	0.220846268617126	0.305566281817646	0.12514586936768
CCIS95097901ST-4-0	0.449294091239688	0.127251482070644	0.446396147638814	0.479204620694759	0.530655637633788	0.442111429744293
CCIS95409808ST-4-0	0.334470462928646	0.188757726773529	0.146895011160318	0.282105284044632	0.442208226649257	0.473481434593672
CCIS98482370ST-3-0	0.19112408801965	0.162445762472198	0.0395182202654468	0.257735263869756	0.0933712854236335	0.0149388876204182
CCIS98512455ST-4-0	0.174319070325144	0.422017099334999	0.41947090699277	0.533948457723071	0.690259616813981	0.791618348393456
CCIS98832363ST-4-0	0.522028208844902	0.587113875339868	0.165024554400067	0.0823510387313491	0.259334303774319	0.398182369147105
CCMD10032470ST-11-0	0.132325986680086	0.39080778501886	0.0630596316432456	0.168976131768637	0.275820489321085	0.0301231923599143
CCMD10191450ST-11-0	0.472038933075368	0.243930553893486	0.0832177408067884	0.179288437920043	0.213938070365276	0.00703951181539927
CCMD11006829ST-21-0	0.954026857009236	0.937863111142892	0.993202099696061	0.791118548220744	0.999246750132439	0.999964316454455
CCMD12232071ST-21-0	0.878094084107061	0.461917318290582	0.695357677365433	0.377011474382868	0.877422632667397	0.957320588565444
CCMD13071240ST-21-0	0.507578831437698	0.374467058533623	0.651871469773712	0.649728366606297	0.664920950336054	0.664315902126171
CCMD13934959ST-21-0	0.839593400758603	0.439544020061253	0.811425917934463	0.502909367749154	0.909896535650394	0.992486589405777
CCMD14479708ST-21-0	0.754942102051134	0.164712588647772	0.828622339598457	0.556142332569769	0.71722718112738	0.438493651159341
CCMD15562448ST-11-0	0.17265063866896	0.409142165391304	0.128024212089564	0.41454927720279	0.13494621639793	0.178760312223726
CCMD17410933ST-11-0	0.0918860288883804	0.412097152463065	0.0859073540601836	0.0663856194962394	0.386148959234879	0.00691568398613935
CCMD18579000ST-11-0	0.307922668244835	0.479895934941913	0.699307925468845	0.166870135458319	0.441179671429722	0.0943188475795473
CCMD18829815ST-11-0	0.256950389940802	0.160724318887539	0.0408273657178325	0.322725251268386	0.37245923210876	0.156956059453463
CCMD18872694ST-21-0	0.624559621543567	0.90279897854863	0.874147762622302	0.580764765285799	0.838876408414968	0.993441057026377
CCMD19168690ST-11-0	0.827747651263732	0.310458624191629	0.4782098577328	0.366764592053375	0.830848371256721	0.0908248711117015
CCMD19497912ST-21-0	0.87524286556589	0.959172309225905	0.960779252112616	0.458478140187414	0.973821624576915	0.995051550068701
CCMD21593359ST-11-0	0.714967343376549	0.940163865593476	0.99287060310329	0.588531610609333	0.99776904193433	0.999499823250098
CCMD21703880ST-11-0	0.715615784342314	0.815934012832172	0.853904536779144	0.409066289432993	0.847697903434582	0.998510665325961
CCMD22852639ST-11-0	0.550976330880678	0.407643275378424	0.0787440830593222	0.0947870926221288	0.40152829722447	0.105606657601602
CCMD23101338ST-21-0	0.534733312472117	0.495005234272125	0.790284904297658	0.437672072213924	0.407443946751311	0.355350264793867
CCMD23541216ST-11-0	0.147367688237658	0.216815548444339	0.127913736233618	0.0985099189120558	0.324268399283583	0.00440994781245058
CCMD25475945ST-11-0	0.622127905204125	0.746001694367701	0.683511268628777	0.591809426116317	0.227022095654785	0.472631753685812
CCMD25511638ST-21-0	0.79425915068116	0.583222509791579	0.486902386858917	0.620849867621546	0.541270857464564	0.919057145901251
CCMD25963797ST-21-0	0.540404792042869	0.153682943939805	0.27173550618942	0.339011562170899	0.508160594500521	0.27334930310847
CCMD26625622ST-11-0	0.41307350199577	0.34525790995819	0.365633810132318	0.413963033654658	0.445298356733035	0.0998960726022835
CCMD26709089ST-21-0	0.259883683721505	0.157378248657056	0.779398211855949	0.23460632577676	0.5461410098894	0.350566340521015
CCMD26925580ST-21-0	0.431507620944888	0.40388755740013	0.284228749020673	0.546443114090876	0.392843149503798	0.215768637424916
CCMD27463710ST-11-0	0.573853259852647	0.721639372265692	0.358937268201294	0.3368497615242	0.276703224648138	0.214057997916146
CCMD27867141ST-11-0	0.249369467981753	0.324416693457011	0.376182869580583	0.0861361521445688	0.228997536149821	0.020690880895129
CCMD28738636ST-11-0	0.283013777456137	0.172188741849802	0.0367360193573989	0.132327966238371	0.588624337980592	0.0815611649880527
CCMD29706695ST-11-0	0.188242215122653	0.604493280126692	0.364756276792823	0.077583394228073	0.158190952254985	0.045485049476312
CCMD30626189ST-11-0	0.211785467665581	0.350185147465324	0.238672062136413	0.0955001588893088	0.454224317975309	0.0290459791327995
CCMD30627121ST-11-0	0.518745689799512	0.344783228947425	0.166437392527263	0.500027459808429	0.81525032769529	0.109776696712267
CCMD31009081ST-11-0	0.358061439667807	0.653423438254635	0.320288891724197	0.17223097084536	0.108948093757904	0.0117601255620825
CCMD31134579ST-11-0	0.46379121175417	0.548409839186928	0.0876565018880796	0.101222261715612	0.367926584977585	0.104558408111197
CCMD32288175ST-11-0	0.272770456933777	0.616037785664909	0.80685442037308	0.577816774121749	0.440448962426167	0.0834695482472395
CCMD32965613ST-11-0	0.315355304907626	0.641980787331844	0.0526266081000873	0.256191561039354	0.0910743292340175	0.0113595463435873
CCMD34381688ST-21-0	0.620146123329422	0.50368603780073	0.665555777902981	0.546549567969224	0.624467721534635	0.161447035058151
CCMD35081859ST-11-0	0.298792234023306	0.396386562211278	0.0729836549903758	0.128358097362996	0.267483942135308	0.0160549319740889
CCMD35633353ST-11-0	0.843671120812916	0.712431267074384	0.782215390563442	0.277286555982894	0.966193134367566	0.156049444945283
CCMD35801800ST-11-0	0.408731435692508	0.42620105494869	0.487269744731614	0.349269615639639	0.720452873817665	0.682034930866023
CCMD35802077ST-21-0	0.54333552097061	0.27070299956207	0.134072776731582	0.56069696833002	0.586897842302674	0.708818099184938
CCMD37575804ST-11-0	0.145441310862515	0.365052000966536	0.0397005072455288	0.395879529915133	0.166093331811448	0.023719578014557
CCMD38158721ST-11-0	0.385935697368363	0.207666694995147	0.041233193614599	0.13585886581449	0.243583526695715	0.0631736845929262
CCMD39157124ST-11-0	0.17029940900701	0.304596930098822	0.0648497896094162	0.204645982936112	0.10242348472945	0.0301475410782271
CCMD39882286ST-11-0	0.296973164798347	0.591662356618013	0.259889756708545	0.19946767003717	0.651248582525187	0.0347788836531893
CCMD40701343ST-21-0	0.931869040842337	0.812228560525793	0.779798832783435	0.537533854219595	0.799640098308897	0.989594222862555
CCMD41202658ST-11-0	0.177134726901628	0.557319498163164	0.242745107888958	0.355996432837851	0.186112287514505	0.167888158090394
CCMD41521570ST-11-0	0.131310440431441	0.450128298010847	0.0582773066629671	0.34539849153808	0.142555941627642	0.0710606058877268
CCMD42428553ST-21-0	0.59895765117527	0.719749988047494	0.450795420652769	0.428390008012646	0.774105512840334	0.905640841991464
CCMD42956136ST-11-0	0.780656363065134	0.836699188615536	0.9522848819481	0.781535685627337	0.890568366730282	0.989694590560747
CCMD45004878ST-11-0	0.136141198715847	0.488986834488599	0.622307147282692	0.0828571394191181	0.143523400710538	0.374862396513858
CCMD45812507ST-11-0	0.210952926601064	0.547944900224486	0.12298793991438	0.383149685514749	0.302727948360289	0.127190469802653
CCMD45988061ST-21-0	0.652506240790978	0.444528087843851	0.645223880352737	0.369042821302709	0.375306707651393	0.856900588364121
CCMD46222674ST-21-0	0.919312651947324	0.854478223733201	0.799426334618678	0.430791439874016	0.462997910477981	0.913868933091739
CCMD46727384ST-11-0	0.677760802032341	0.197417616528476	0.468138367732657	0.449889837009841	0.69475290545901	0.195594628154249
CCMD46947453ST-21-0	0.51195719331665	0.553655215488087	0.121996144457501	0.168645928296241	0.123055088818555	0.2717785799916
CCMD48236717ST-21-0	0.372206626934185	0.676949738322924	0.499269551912079	0.176528505694661	0.309128135840169	0.519897262060836
CCMD49025643ST-11-0	0.519591818657108	0.234162542910108	0.274983110334266	0.391550543611727	0.380425136422238	0.406274594926361
CCMD49461418ST-11-0	0.440242302098971	0.509969054397387	0.849622961658831	0.180427105017061	0.220025121174681	0.377808018768818
CCMD49942357ST-11-0	0.226224803105698	0.440583677083342	0.485903573324747	0.181903009311814	0.400595620652816	0.249371494086196
CCMD50071957ST-21-0	0.789540982070274	0.935571865355763	0.64182232797898	0.927289667669426	0.976397589335063	0.992454756002011
CCMD50300306ST-11-0	0.311061196608909	0.801151278004086	0.16362476276669	0.332614128985047	0.507487306139517	0.249658087148953
CCMD50529145ST-11-0	0.548832269044484	0.578587068813793	0.218409273621102	0.157356528594844	0.403087664429501	0.216268577708114
CCMD50538120ST-11-0	0.331715405630569	0.215407020669419	0.0344852806399218	0.23334174474855	0.285542747720367	0.0413110311110422
CCMD51154251ST-11-0	0.573521164188095	0.270209123643476	0.332122984419074	0.445873316709188	0.430342599691868	0.0846987454621174
CCMD51228890ST-11-0	0.439252358400823	0.563614720675192	0.356865280364129	0.271776763317636	0.643095676486857	0.787243772184497
CCMD51864103ST-21-0	0.390119136656543	0.732549928879859	0.622030835880126	0.640151404850946	0.934464083737504	0.710025220696988
CCMD52117727ST-11-0	0.487405380597861	0.582579607075593	0.577384505481157	0.289852228582286	0.55925734732981	0.431273709516793
CCMD52145360ST-11-0	0.492094873243108	0.572249567788089	0.396922328879385	0.17040852636868	0.3742951423998	0.507495126974855
CCMD53508245ST-11-0	0.646725376632667	0.594755616694838	0.170680231845514	0.366832027625542	0.738634426348993	0.4518892413582
CCMD53522274ST-11-0	0.221000241430759	0.594892913282227	0.0304322073391479	0.0823850353085823	0.0563829444386331	0.00690016941054263
CCMD54057834ST-11-0	0.20900489950978	0.296647285513231	0.0675275129257227	0.134952215875881	0.294931623021719	0.089093671733537
CCMD56948710ST-11-0	0.188175247371533	0.515583526334542	0.0648051638364217	0.0560036058593188	0.451910593220204	0.0109090998370121
CCMD59540613ST-11-0	0.376579205636439	0.211811962547873	0.436781596803575	0.19551471891045	0.225114895257727	0.0912869193007533
CCMD59583015ST-11-0	0.468312112314251	0.336025702429078	0.244621615562509	0.268609430233154	0.207343028719013	0.155568323223184
CCMD60079086ST-21-0	0.789506370120028	0.180643164165852	0.253570815904685	0.230250848985135	0.854012533580775	0.846171984852178
CCMD63399960ST-21-0	0.52071975565739	0.370755504930722	0.253567629092751	0.49850449325987	0.678742968035773	0.589703742409456
CCMD64503764ST-21-0	0.86508132497146	0.86235814629209	0.846652282413087	0.656703171183601	0.877146776879157	0.999291397227031
CCMD64776337ST-21-0	0.545517497885156	0.495290012023082	0.271640762112025	0.573297703174326	0.552453977963865	0.899258306292425
CCMD65222621ST-11-0	0.701655161986647	0.622996745634883	0.800962119020055	0.233750820718206	0.7239662101823	0.762494457502075
CCMD65406197ST-11-0	0.658733223612738	0.50434681000834	0.797178518635318	0.427638508596505	0.785359531341854	0.951168886627212
CCMD66848156ST-11-0	0.597215012609087	0.383960055659463	0.447146402336121	0.320016811237142	0.506012680713018	0.115317346922914
CCMD67373733ST-11-0	0.214998272008526	0.841959473687989	0.248529445158687	0.0817206557087208	0.245041951891894	0.093646324927852
CCMD68973846ST-11-0	0.342497830765915	0.709332485673736	0.107866870081138	0.297169066382318	0.447351011477235	0.113823359307982
CCMD71242853ST-11-0	0.813628838550364	0.375406701357111	0.162191030797428	0.196249109057046	0.463202084753318	0.0985108430451465
CCMD71915439ST-11-0	0.950169575437089	0.986727137657961	0.925257102755274	0.894639194398426	0.99921877164391	0.999952722893514
CCMD72666896ST-11-0	0.438130639978577	0.202715319601367	0.637804243736086	0.283664905853931	0.551134445555966	0.121567570554992
CCMD72690923ST-11-0	0.552772196997612	0.562639681304715	0.523269927807184	0.219030609716642	0.511579312746877	0.751665293392048
CCMD72895164ST-21-0	0.555223781304317	0.222067494322946	0.348758322051699	0.400236118153251	0.715218411374462	0.436967045218936
CCMD73128545ST-11-0	0.609375755385425	0.254234421236592	0.290710155023087	0.232236658558529	0.494557367685408	0.0172022326210739
CCMD74592084ST-11-0	0.156726128462441	0.691391896479989	0.0432394661315933	0.31803745645493	0.289290948162288	0.189081422042972
CCMD74930188ST-21-0	0.775992891132295	0.313922673447928	0.222564227294105	0.870344729369221	0.661907531382455	0.926929078417179
CCMD75147712ST-11-0	0.311443656418069	0.420512513747575	0.291334590134093	0.189281350138815	0.559322796763768	0.0714046607351512
CCMD76222476ST-11-0	0.360178624881181	0.425219164283832	0.342230196401641	0.386282590658495	0.570352198463521	0.404681729571694
CCMD76409700ST-11-0	0.396459130476971	0.304119504270786	0.721649325938289	0.0946874413003247	0.194027539470549	0.220068933327231
CCMD79349503ST-11-0	0.325713719718595	0.585117941688214	0.413514570799757	0.234501528081728	0.41811494018878	0.477830794753981
CCMD79987997ST-21-0	0.355546786371041	0.130070343611415	0.86043817682797	0.23029098645313	0.799602108995431	0.13760084472883
CCMD82866709ST-21-0	0.592506721536124	0.81329523631174	0.873621084654219	0.134554343835672	0.549981641051337	0.870959815945587
CCMD85481373ST-11-0	0.557496567120677	0.29395775835406	0.193991426110057	0.364190135228784	0.103060399033538	0.363443046843318
CCMD85661207ST-11-0	0.330767448272505	0.410753366916251	0.0719467814464813	0.280142673938754	0.243259159554608	0.0355837326590278
CCMD86114146ST-21-0	0.247587369302122	0.715385123397599	0.73449381045362	0.633830105428353	0.945336909412242	0.884303552843017
CCMD86707194ST-21-0	0.159787466546714	0.409003649357761	0.138550088423433	0.338230535949027	0.28132148212947	0.122925941654101
CCMD87156761ST-21-0	0.245839683244942	0.803564943145874	0.203458272053976	0.138454785593752	0.18298259387553	0.283355565466331
CCMD88272491ST-21-0	0.433641949920732	0.833554912400779	0.922110097807117	0.514957685181191	0.656464418756495	0.54191856750835
CCMD89107682ST-11-0	0.198542743103507	0.460943222353387	0.473286443673326	0.332055516341729	0.760418846307056	0.263834053164383
CCMD89306485ST-11-0	0.386757446427664	0.18035008313212	0.23172111309217	0.45127791451247	0.123943963045116	0.242810582846371
CCMD89643949ST-11-0	0.509987520079955	0.648939845110525	0.121961668162926	0.0994182395228419	0.414517847704474	0.114571364788286
CCMD89967135ST-11-0	0.562602607443974	0.645061555968159	0.579512048569969	0.231290765126823	0.664763465620327	0.24924298587705
CCMD90311071ST-21-0	0.513768326054716	0.857789001006038	0.603512568287337	0.475856075841964	0.479205786759821	0.912349182930227
CCMD92404903ST-11-0	0.601807078970804	0.519155090581941	0.984289673309541	0.640904036554689	0.804349204884811	0.959478336823483
CCMD93344354ST-21-0	0.351117979527602	0.358414752251011	0.176896101185297	0.597987402078006	0.258758083655504	0.639883050174143
CCMD93755960ST-11-0	0.198007078245562	0.689061700136404	0.237900838338637	0.256680245577935	0.413056936682471	0.112779254685971
CCMD95431029ST-11-0	0.78983540735439	0.561984738319908	0.728437253528651	0.316132073889387	0.699540615913432	0.931302116585083
CCMD95433940ST-21-0	0.211722848535629	0.278369764672275	0.105100608931469	0.304250445784683	0.305015378695033	0.0170045382818469
CCMD95676152ST-11-0	0.719497983123811	0.759839962755193	0.785206229636232	0.518862231164824	0.934278610701495	0.999321463414033
CCMD96553385ST-21-0	0.870865595988529	0.697113196810553	0.665014503529953	0.481011282422059	0.910428638367105	0.458594226179206
CCMD98198513ST-11-0	0.218164857396811	0.200329612331554	0.115731184785797	0.449176060976476	0.224002719571058	0.0771143933823065
CCMD98531134ST-11-0	0.753092301794844	0.627927384913571	0.656379948877796	0.469047525407773	0.918881564027006	0.903282667154722
CCMD98702133ST-11-0	0.371977738448244	0.457772229571559	0.146977230572389	0.37647850153287	0.431612113541717	0.0953316866634491
CCMD99440714ST-11-0	0.396328985405336	0.518156333317265	0.483565062891887	0.171981250587556	0.370038753264318	0.0491685973923051
CCMD99929634ST-11-0	0.35968629878851	0.120921490951349	0.044755077252507	0.117657415805747	0.193134282547775	0.0135921398895019
ERR1018185	0.81663594638355	0.927162559857427	0.978468874467674	0.874559673817086	0.988432770422018	0.472036185476705
ERR1018186	0.947464143407641	0.850687571936965	0.977438378063301	0.782563836879696	0.946530554327228	0.472036185476705
ERR1018187	0.791748673109432	0.977599726667214	0.989538744802601	0.895913079437814	0.959381747259828	0.472036185476705
ERR1018188	0.824725644050225	0.360914949579008	0.797350339413266	0.838672400555825	0.984595160601708	0.472036185476705
ERR1018189	0.838587119467294	0.46457794160782	0.586709758672547	0.741592049473632	0.881182414898206	0.472036185476705
ERR1018190	0.3217870890509	0.388332309715593	0.763697492056774	0.748187233719943	0.70584959586047	0.472036185476705
ERR1018191	0.522530406394545	0.238827517327025	0.745479490064911	0.550746268735624	0.926945131005629	0.472036185476705
ERR1018192	0.907021829341272	0.738587491876424	0.938771302263648	0.557137151156511	0.964485171539178	0.472036185476705
ERR1018193	0.595372206472977	0.193496752000512	0.107330474326865	0.772947749931519	0.485682533627346	0.472036185476705
ERR1018194	0.332833258622356	0.601859122412477	0.282409272658016	0.731231459883879	0.525966913143929	0.472036185476705
ERR1018195	0.154803196480686	0.0849697545669082	0.0382486283774075	0.40341536419279	0.446673760639286	0.472036185476705
ERR1018196	0.460261159250955	0.869032615029251	0.886840000192682	0.243824653953141	0.862209986152491	0.472036185476705
ERR1018197	0.36776582642108	0.142842345328462	0.485098359182295	0.835575790500469	0.904516797430788	0.472036185476705
ERR1018198	0.945479039798039	0.849060695112362	0.98247073660772	0.806721072940358	0.996036670678637	0.472036185476705
ERR1018199	0.54640499041791	0.35359531503528	0.854267457703298	0.596389425947558	0.827330933286398	0.472036185476705
ERR1018200	0.520788072887605	0.690672077060247	0.857263590558169	0.660686092652119	0.954650054651749	0.472036185476705
ERR1018201	0.296018838746146	0.304050455832116	0.728474183419983	0.791575604579942	0.607586089962972	0.472036185476705
ERR1018202	0.763176380912526	0.84997178525851	0.786229956867656	0.891732038501923	0.84082807041232	0.472036185476705
ERR1018203	0.589086186766421	0.639839899656207	0.983011139704487	0.564313396680052	0.761390059386044	0.472036185476705
ERR1018204	0.733053337135907	0.0882304917640908	0.553815787964101	0.679916376508073	0.665650623358806	0.472036185476705
ERR1018205	0.251802657500476	0.316473263917729	0.128909706364972	0.321903968440177	0.341570305970516	0.472036185476705
ERR1018206	0.51569200920655	0.805424426715228	0.375614640772308	0.497795548439797	0.481038135729043	0.472036185476705
ERR1018207	0.87336208718547	0.765355776881814	0.902740489840237	0.873706684374497	0.91666823637313	0.472036185476705
ERR1018208	0.255146789032224	0.558964982890472	0.554810403629534	0.676005342504116	0.530947073172707	0.472036185476705
ERR1018209	0.5251067122484	0.547034549281219	0.504351989360379	0.853797410326934	0.840766684312507	0.472036185476705
ERR1018210	0.479048816450514	0.210438033235348	0.907871303161738	0.822156552906691	0.907629812942415	0.472036185476705
ERR1018211	0.963628377617681	0.976054354470641	0.494275006313903	0.887132860449673	0.996073610372039	0.472036185476705
ERR1018212	0.738695617500083	0.410754267429841	0.845960881386257	0.724006603861274	0.938156652278421	0.472036185476705
ERR1018213	0.269602701023059	0.33971534468016	0.869400228440329	0.478288163757914	0.781130352887014	0.472036185476705
ERR1018214	0.44837966627917	0.444403092739753	0.722188917651164	0.595942292580356	0.586258299626757	0.472036185476705
ERR1018215	0.150052509394971	0.645131182267059	0.549833981520916	0.273625878798295	0.779968035962732	0.472036185476705
ERR1018216	0.726312975232203	0.875919861160905	0.957792107181898	0.884019854262396	0.82643981389205	0.472036185476705
ERR1018217	0.139894341048655	0.508300106067993	0.104312581338994	0.43835671127389	0.340401773955052	0.472036185476705
ERR1018218	0.503598930389753	0.306517828599666	0.534092034397822	0.554151190539381	0.623848896917201	0.472036185476705
ERR1018219	0.46805701081955	0.308108594292453	0.380029898891137	0.547975390193941	0.632025006743663	0.472036185476705
ERR1018220	0.513561244015557	0.741048483188335	0.647391249690391	0.781610254829543	0.725440798073786	0.472036185476705
ERR1018221	0.721981298993326	0.5227252978871	0.664333524926395	0.666907479332026	0.851974234984686	0.472036185476705
ERR1018222	0.92545866142715	0.775475109401143	0.978210195121631	0.756323611944272	0.98761224970202	0.472036185476705
ERR1018223	0.963843303345986	0.93508019892431	0.877392343493809	0.76268397024872	0.976867541604622	0.472036185476705
ERR1018224	0.499978882158622	0.456314064349057	0.892332778368342	0.648513515229853	0.848365417543141	0.472036185476705
ERR1018225	0.25546480775681	0.418955379941256	0.221405595654872	0.366766998692273	0.51749794546823	0.472036185476705
ERR1018226	0.557917110639582	0.244036393930038	0.533399567248636	0.49604508728426	0.909588832452268	0.472036185476705
ERR1018227	0.521880267353876	0.772480042961947	0.781092880672807	0.64796728189379	0.882502832285776	0.472036185476705
ERR1018228	0.448739403911502	0.60734364090752	0.69752205572844	0.551485941119544	0.881076579957243	0.472036185476705
ERR1018229	0.187496097435506	0.898611370839264	0.211477402021604	0.407061568014183	0.561348782257604	0.472036185476705
ERR1018230	0.543307796779411	0.619025422173201	0.756494324431974	0.645218299243013	0.736510805600001	0.472036185476705
ERR1018231	0.838698987144845	0.958004566030863	0.865599024712733	0.912466279669783	0.980527443795038	0.472036185476705
ERR1018232	0.223010453332411	0.427387949028995	0.136424751243778	0.68706477015172	0.540431892992194	0.472036185476705
ERR1018233	0.160257560932944	0.557939684292335	0.407044340201831	0.521392608653016	0.617822668409806	0.472036185476705
ERR1018234	0.327937801149166	0.173262524113922	0.514581495326299	0.658021686408786	0.739127019086072	0.472036185476705
ERR1018235	0.240509465299599	0.175704193463305	0.344405436056854	0.562177305567111	0.301598321438822	0.472036185476705
ERR1018236	0.23630703104644	0.485235970943062	0.197134685403233	0.614944472902061	0.577508051974482	0.472036185476705
ERR1018237	0.327613897047223	0.161611169692973	0.699644538200584	0.551325997978218	0.424385613313532	0.472036185476705
ERR1018238	0.347473760764531	0.533016367153671	0.3488856529909	0.562462247781696	0.474422673518778	0.472036185476705
ERR1018239	0.21209154237679	0.213630205767338	0.519872617743971	0.74189791721435	0.790500204851808	0.472036185476705
ERR1018240	0.340043904452337	0.596975584949262	0.125915358082946	0.354666218589965	0.33952487980038	0.472036185476705
ERR1018241	0.977950032313206	0.666764721620689	0.985805242415439	0.917598642713674	0.990821264842844	0.472036185476705
ERR1018242	0.314691293613631	0.175874676710565	0.289348120332785	0.70532499747166	0.632082374562409	0.472036185476705
ERR1018243	0.253828651565036	0.197354716218684	0.474408677019155	0.414219081201026	0.646378798697542	0.472036185476705
ERR1018244	0.677872016930214	0.215108972161998	0.81856261564177	0.884699922477244	0.93642743339362	0.472036185476705
ERR1018245	0.177048604587485	0.187149496681877	0.414314013692997	0.758216457851771	0.416310461018832	0.472036185476705
ERR1018246	0.217438082219396	0.499375557738674	0.0963963798639689	0.724368132879738	0.597099426353714	0.472036185476705
ERR1018247	0.250906925504292	0.320736463329632	0.390127299750504	0.751483163579442	0.281807845443113	0.472036185476705
ERR1018248	0.263372453758823	0.536973796680592	0.420090299231188	0.512242714325269	0.459049461187903	0.472036185476705
ERR1018249	0.189999880813551	0.656541458002556	0.0491826675203952	0.460082048644454	0.481646982858124	0.472036185476705
ERR1018250	0.485785210165134	0.258680266917173	0.17389504737025	0.461815737232039	0.298794993526157	0.472036185476705
ERR1018251	0.430084161099916	0.301137593944509	0.845030788677302	0.798806253087939	0.856101018405053	0.472036185476705
ERR1018252	0.172762205056199	0.139454612499732	0.229659839383778	0.627307029144792	0.2901553040314	0.472036185476705
ERR1018253	0.125703315956599	0.194486502078716	0.128453421154389	0.394104469932732	0.255050051468493	0.472036185476705
ERR1018254	0.923979009511605	0.944889539669804	0.996769841753907	0.874042041175062	0.99341407062693	0.472036185476705
ERR1018255	0.167158129771187	0.199691628378255	0.131162131541704	0.40928227079953	0.146040745306601	0.472036185476705
ERR1018256	0.174289381308521	0.689000179855825	0.0479335756626969	0.402039920619835	0.394341306087852	0.472036185476705
ERR1018257	0.288864064452019	0.370750821272541	0.67724927065722	0.38517178068705	0.488512109888358	0.472036185476705
ERR1018258	0.433918918306057	0.21529875435705	0.640739276519908	0.695930101203507	0.815388080437026	0.472036185476705
ERR1018259	0.223570415553333	0.233150498560732	0.0967531046849989	0.536089857055196	0.153835886262063	0.472036185476705
ERR1018260	0.389895760868552	0.23721961323607	0.542777537096857	0.619573126070519	0.684179164560416	0.472036185476705
ERR1018261	0.350127933830961	0.147495313528745	0.384211126727223	0.645979090604334	0.437563273707902	0.472036185476705
ERR1018262	0.151648029559409	0.42382201314568	0.32187845112268	0.385729996614471	0.092220733795466	0.472036185476705
ERR1018263	0.295465874148823	0.251879089257872	0.157009658376313	0.670583679678359	0.557411716998525	0.472036185476705
ERR1018264	0.219691200069733	0.364950067782995	0.083483367480409	0.507481843577719	0.366765930617997	0.472036185476705
ERR1018265	0.359455012735853	0.638689402310744	0.245127456712856	0.705127367942653	0.77004608240775	0.472036185476705
ERR1018266	0.635433480871538	0.29373845098289	0.505124526191342	0.257434312590133	0.558133432435119	0.472036185476705
ERR1018267	0.442338263261171	0.440968518514301	0.249692213529184	0.28492771337633	0.555392483874139	0.472036185476705
ERR1018268	0.409840085282512	0.510273183238072	0.163127371903686	0.323766393090741	0.28909876109307	0.472036185476705
ERR1018269	0.586755914300719	0.206587534423866	0.258720174187572	0.622595163014285	0.513336968593068	0.472036185476705
ERR1018270	0.194566405679552	0.190120967636944	0.115616721234471	0.413874760911736	0.635106721577137	0.472036185476705
ERR1018271	0.333485503043088	0.32018666175784	0.57722281947438	0.533953029899797	0.204106932607219	0.472036185476705
ERR1018272	0.317815624744502	0.363782009562862	0.145964124572353	0.392010706620475	0.493544665310365	0.472036185476705
ERR1018273	0.319730913229778	0.6713583122765	0.789882893248013	0.646783744314646	0.317352337343799	0.472036185476705
ERR1018274	0.220686270814453	0.432004685532428	0.246379452774322	0.379084404287647	0.266576018905764	0.472036185476705
ERR1018275	0.224015356943747	0.0950649601344822	0.145314627156337	0.220385173801141	0.333701276916616	0.472036185476705
ERR1018276	0.235840480792382	0.135589438091012	0.0946081286802103	0.532286198284545	0.432897184568319	0.472036185476705
ERR1018277	0.252130196436143	0.788555973259896	0.335858638606975	0.461995580644827	0.564617356607043	0.472036185476705
ERR1018278	0.433174056065219	0.539733429397688	0.769469719671466	0.640423635427634	0.383921689250891	0.472036185476705
ERR1018279	0.350843024769334	0.109382120295483	0.364889299194752	0.621089006496999	0.777828730929098	0.472036185476705
ERR1018280	0.706310187932937	0.792111091191563	0.850190625444604	0.860546500854761	0.83695864122505	0.472036185476705
ERR1018281	0.482813639546777	0.696560137542008	0.925805338854864	0.875721746153126	0.99389429821086	0.472036185476705
ERR1018282	0.318487786186651	0.362194672594685	0.887800152438601	0.494196557945983	0.889933073333167	0.472036185476705
ERR1018283	0.369647317997301	0.869688967489979	0.755214955320862	0.514587013165559	0.747335055432809	0.472036185476705
ERR1018284	0.550632326317524	0.15508081706627	0.808503230724999	0.809977637403881	0.828247874959054	0.472036185476705
ERR1018285	0.50968040415423	0.379211970838018	0.450863507665331	0.579077962605294	0.900690147594496	0.472036185476705
ERR1018286	0.230895319084743	0.423104553997059	0.575586515648937	0.402929690163377	0.543488372605306	0.472036185476705
ERR1018287	0.416102202619072	0.143907487911772	0.681487262250033	0.589789657801993	0.73242896647836	0.472036185476705
ERR1018288	0.355465423497989	0.130492302458787	0.0902113908157768	0.362239742499562	0.565295708456219	0.472036185476705
ERR1018289	0.309399647253911	0.777667564973761	0.831493013623989	0.782533025394446	0.576660147546406	0.472036185476705
ERR1018290	0.353735954055438	0.246221835135265	0.0215341831463537	0.231235532713151	0.361364836684609	0.472036185476705
ERR1018291	0.867051401802979	0.737759222769562	0.905266163271945	0.828643836972641	0.988497601061562	0.472036185476705
ERR1018292	0.89637479461178	0.558642227536985	0.679456837283616	0.909877383984298	0.983758607554301	0.472036185476705
ERR1018293	0.752211665611827	0.482265397402549	0.909811850346607	0.612448131464059	0.849179357123838	0.472036185476705
ERR1018294	0.501050553682058	0.826178346998191	0.934590504662211	0.645793559163505	0.973917593836201	0.472036185476705
ERR1018295	0.293108444806746	0.770969132520821	0.186082218919061	0.336237116419051	0.457269193194543	0.472036185476705
ERR1018296	0.695657230870339	0.930491203581238	0.29213711341889	0.429969977932442	0.836111687284222	0.472036185476705
ERR1018297	0.459172887799896	0.748001625022285	0.776200334348348	0.649716518665585	0.974409203736523	0.472036185476705
ERR1018298	0.809992004185443	0.647336668034681	0.995948363491578	0.928813234264424	0.997315421459406	0.472036185476705
ERR1018299	0.970583426023306	0.687383697395712	0.981354121804802	0.907406427620954	0.982847578752418	0.472036185476705
ERR1018300	0.603312019959565	0.874357880712386	0.937714372040846	0.583797379029412	0.926656470025161	0.472036185476705
ERR1018301	0.923725469093265	0.951981960229142	0.690837847272044	0.820365976415714	0.941177334558571	0.472036185476705
ERR1018302	0.402158167191984	0.408227445594896	0.5956064176154	0.495729801023091	0.888423387851696	0.472036185476705
ERR1018303	0.86604247433173	0.837910363115264	0.942826409172739	0.920514340732177	0.995203684155562	0.472036185476705
ERR1018304	0.527417586351226	0.209487502658463	0.70698638291103	0.613652013772629	0.878518513028075	0.472036185476705
ERR1018305	0.353020904769123	0.844396865569868	0.202895314966403	0.728429998509488	0.411675240333877	0.472036185476705
ERR1018306	0.556368919990211	0.838388516839426	0.861402329853723	0.719170588958444	0.835148751107633	0.472036185476705
ERR1018307	0.394528409635976	0.525731956394491	0.372020575113807	0.585678456275576	0.871327758019264	0.472036185476705
ERR1018308	0.169734739590882	0.344284571631946	0.398031178497722	0.143622221436371	0.149965939551468	0.472036185476705
ERR1018309	0.462086254497663	0.481370757834428	0.756445165446929	0.496968256949176	0.536171678583908	0.472036185476705
ERR1018310	0.64519173753638	0.396004243561057	0.780170509502665	0.617719127175532	0.857013620134981	0.472036185476705
ERR1018311	0.378062143681751	0.649669744326409	0.2479283704682	0.541724762939422	0.774486800815473	0.472036185476705
ERR1018312	0.767153454520221	0.832230569862539	0.996898963461308	0.913811095490782	0.991121856601204	0.472036185476705
MMRS11288076ST-27-0-0	0.256346213607154	0.298125105328422	0.0735568555902066	0.149267451137374	0.137056626658492	0.0385208376572363
MMRS11932626ST-27-0-0	0.291777875659301	0.309753796115374	0.693368501889432	0.21397901450917	0.389003092887092	0.10135999349679
MMRS12272136ST-27-0-0	0.290335584978915	0.198000799926234	0.402973718293127	0.40349052313632	0.230514202996988	0.0465234506843427
MMRS14379078ST-27-0-0	0.302265777181388	0.525313489379453	0.402809065688939	0.347461762005388	0.682892050959766	0.872154664253938
MMRS14602194ST-27-0-0	0.164922366309728	0.347157695344162	0.714318636318799	0.790392673084388	0.67259824434511	0.833101594552978
MMRS15137911ST-27-0-0	0.829885533754575	0.677984376636093	0.742968817835877	0.846496657311911	0.767359902925936	0.992421637212147
MMRS16644320ST-27-0-0	0.136624734450463	0.599180799321729	0.21236976730731	0.299684447941064	0.230171662880398	0.0107270483273645
MMRS17603756ST-27-0-0	0.297568777043561	0.214796474850018	0.884171478811414	0.454994060614664	0.582364883216198	0.418690852210922
MMRS17963147ST-27-0-0	0.429189834797048	0.674321175021115	0.712228864735317	0.469076572636619	0.720307321320508	0.800046755491
MMRS18295921ST-27-0-0	0.71476482328946	0.903338768511088	0.374852272232321	0.284029347793288	0.410108344751875	0.854569135137857
MMRS20257302ST-27-0-0	0.784416269523135	0.264953518564256	0.602623783546831	0.761712733015817	0.561399764582353	0.569225160207776
MMRS21365932ST-27-0-0	0.192360893366766	0.225608367411421	0.252220273472364	0.156091495753705	0.284839476005707	0.172896420366369
MMRS24340226ST-27-0-0	0.471609708357013	0.672186328164057	0.88152465234419	0.573170355855384	0.55029979886553	0.959256489792823
MMRS25211151ST-27-0-0	0.261686120591776	0.800033582835894	0.894314106540225	0.369067708025921	0.720563196033474	0.435971134337179
MMRS25641480ST-27-0-0	0.543065282220152	0.228924404921724	0.622885687975358	0.649800087019443	0.70194607235507	0.432817145770628
MMRS29805707ST-27-0-0	0.12405265267391	0.223490909261834	0.0832599549960552	0.283058773404901	0.277185632611296	0.0415491209915202
MMRS31306426ST-27-0-0	0.602175487751635	0.75645294674255	0.805284241545941	0.798260733328065	0.651210107109376	0.748014301051988
MMRS32573774ST-27-0-0	0.284539539399505	0.299972396271884	0.492648606786321	0.284338297992886	0.760285950082027	0.564030128642674
MMRS33294861ST-27-0-0	0.384027382344156	0.541904243752201	0.281193385526538	0.269107179191628	0.250984689737164	0.179659111486266
MMRS34525504ST-27-0-0	0.397083264174632	0.743901103312291	0.565122178907604	0.309327195245371	0.330723765990003	0.134899863372076
MMRS34569532ST-27-0-0	0.635584094973571	0.311677450608287	0.740237681587219	0.694070596188287	0.451383873576771	0.516935183723638
MMRS35808664ST-27-0-0	0.171082505935749	0.749417082938882	0.375448137894267	0.366965572350541	0.223596974986672	0.437020017299392
MMRS36405092ST-27-0-0	0.251642814819274	0.234629843655027	0.231536787604386	0.369898640645474	0.289805687583823	0.0237967898556626
MMRS38861560ST-27-0-0	0.37040700846556	0.26417847245473	0.194147818722494	0.316977921347896	0.285167521960579	0.130844173629309
MMRS38954404ST-27-0-0	0.367495066199578	0.197323675965204	0.804702127596884	0.35747432971016	0.377139438512444	0.0984750114504591
MMRS39415781ST-27-0-0	0.175859273126052	0.201239291433392	0.650200539572135	0.43255261230764	0.542382838054072	0.0880288499697248
MMRS39582183ST-27-0-0	0.30141815220856	0.860370024023397	0.287475089431611	0.166008077920383	0.243507708914915	0.704033515378955
MMRS40913371ST-27-0-0	0.268902347841442	0.236310359311434	0.802115694685401	0.62454545019391	0.596990097581402	0.571711005813476
MMRS41266697ST-27-0-0	0.211179009576072	0.383395372973048	0.585311863820074	0.604583281640812	0.707373731966524	0.82153019451673
MMRS41711735ST-27-0-0	0.856532986992683	0.427977859767076	0.852647557041351	0.668819260968671	0.740213586671518	0.644006238866524
MMRS42780924ST-27-0-0	0.318706202265494	0.369624522362552	0.497124761358736	0.700414115094562	0.563844015544133	0.58407701652576
MMRS43563715ST-27-0-0	0.495863103156987	0.559677374847229	0.673256404916236	0.278882651613031	0.420188256493634	0.118817031258985
MMRS43939546ST-27-0-0	0.282601255885766	0.470951021628664	0.875015765854863	0.752605975749304	0.725500462742192	0.676485584886632
MMRS44197125ST-27-0-0	0.74458416258878	0.942022377832265	0.990398243735117	0.915825797371772	0.996277070839422	0.999981032685706
MMRS44203591ST-27-0-0	0.438056380666139	0.290192014651939	0.820591282798946	0.496429228199973	0.550134228376357	0.241653316747368
MMRS44587603ST-27-0-0	0.157106584538766	0.478776013381052	0.28488955099137	0.285669229495947	0.445405057455703	0.109247802779731
MMRS47662059ST-27-0-0	0.392763312507271	0.340475223939275	0.110384066933633	0.42457689830617	0.46585420109325	0.0894104482876731
MMRS47685461ST-27-0-0	0.572987415233868	0.227000124839763	0.939828070298254	0.826856202759532	0.885237366408474	0.969059713392012
MMRS51307502ST-27-0-0	0.352171102134643	0.273152764580725	0.354287130160192	0.238270269137768	0.387118063874556	0.268269582709307
MMRS51410669ST-27-0-0	0.289175348670903	0.371094883214902	0.721043017140516	0.330006194566347	0.367186726959613	0.0629701692033864
MMRS51728985ST-27-0-0	0.329316894299436	0.230509807668154	0.581465228415644	0.67592439207955	0.466482136952371	0.698118973026862
MMRS51737257ST-27-0-0	0.504073377376434	0.3662980490007	0.197673806102053	0.287166975086668	0.266780421024452	0.339751132298649
MMRS54246132ST-27-0-0	0.356306445062653	0.686183078171462	0.126276227492567	0.323761106544312	0.256401505892075	0.217147964482584
MMRS54316675ST-27-0-0	0.685741358573472	0.957189056000149	0.47364653942932	0.48209423076441	0.604370381634229	0.91057025189911
MMRS55294627ST-27-0-0	0.559605017347674	0.442136701910614	0.750585376130796	0.667266374504405	0.920168941696323	0.890719072847508
MMRS56137463ST-27-0-0	0.122725386001191	0.255312695975787	0.371070524416261	0.652347431505346	0.637097491132706	0.396601017785112
MMRS57276462ST-27-0-0	0.292337775265699	0.284786451554657	0.348949869139266	0.538493948388708	0.212383877103986	0.0460487956176298
MMRS57569834ST-27-0-0	0.415315323774272	0.911405590638357	0.843846437284264	0.695862502673557	0.603197862449712	0.967680037653739
MMRS59699117ST-27-0-0	0.315470250728082	0.199324495371362	0.278189854881049	0.547195350569049	0.654429706680787	0.078630776880801
MMRS61683006ST-27-0-0	0.215345856145152	0.595731816299252	0.191559018754705	0.450112866813627	0.410878971661043	0.0154264870764992
MMRS62192467ST-27-0-0	0.768550787751557	0.569035221882515	0.826456129904297	0.565384684874748	0.718163619649608	0.872524431915805
MMRS62376181ST-27-0-0	0.291882612189659	0.333335603669118	0.840663167937815	0.526489414064459	0.548176340804107	0.825687894896647
MMRS62666492ST-27-0-0	0.435893696123483	0.72266242778607	0.0929478985032071	0.286945717938231	0.344750216072807	0.348128161941335
MMRS64281211ST-27-0-0	0.34336988527457	0.559039460586722	0.854214151860006	0.715565342385733	0.808284274867922	0.636234409239727
MMRS64281551ST-27-0-0	0.193172265975118	0.583624424613174	0.0297010896247776	0.602695191055869	0.249819274368315	0.109771276079394
MMRS65205033ST-27-0-0	0.782830494430806	0.931141781577541	0.853186984516125	0.681389242724383	0.81509690131468	0.998203303739371
MMRS65742083ST-27-0-0	0.200850415584175	0.868763938966785	0.143871576014773	0.360456011793631	0.352878376948434	0.0889653784727379
MMRS65862658ST-27-0-0	0.330179500335332	0.604296253688565	0.461758569057807	0.320814546501664	0.210819085999992	0.288854512051658
MMRS65945127ST-27-0-0	0.221953455405022	0.251640020427208	0.839104922853944	0.682104134195925	0.90878083010472	0.516281634911403
MMRS66868025ST-27-0-0	0.599601945940966	0.198624320800509	0.0584140084335982	0.367111760298257	0.365977304745196	0.100768324757096
MMRS67096717ST-27-0-0	0.55864748335135	0.630442603517978	0.779626233978378	0.759001369725018	0.948422006558212	0.932727392918829
MMRS67247116ST-27-0-0	0.33175315402063	0.383813255205157	0.509185039115617	0.583694782361677	0.836164175979624	0.342333578497685
MMRS68630931ST-27-0-0	0.422816808759547	0.597031797407383	0.846690987076011	0.49801849922181	0.617531465965882	0.526557974931992
MMRS68910755ST-27-0-0	0.36451288026741	0.300996063385479	0.472604044296735	0.790765671518889	0.67701200611767	0.525501988248924
MMRS71762412ST-27-0-0	0.659675808557462	0.785803241241713	0.833972767332743	0.669709996226887	0.799316578333797	0.961956397729304
MMRS72802364ST-27-0-0	0.674754450162407	0.907280326809567	0.795473840795181	0.843162300542452	0.917072975319754	0.968307018991092
MMRS72980899ST-27-0-0	0.35319679362864	0.36887281046011	0.930455934710206	0.869759274076151	0.730013404522592	0.923611176304616
MMRS73787048ST-27-0-0	0.333926849153408	0.382726848055432	0.0925749008338783	0.733643049672101	0.21776568083202	0.0786966910580873
MMRS77018926ST-27-0-0	0.416419994702151	0.431426881244452	0.251291049027776	0.321213242030421	0.651391671644226	0.897621314302617
MMRS77321055ST-27-0-0	0.209671243676548	0.401822660354415	0.359588030295008	0.554122908257333	0.669439313235912	0.417709205651617
MMRS77487595ST-27-0-0	0.523403840160367	0.307733121574776	0.198107559745421	0.402666311571492	0.408395716559065	0.0610956309593457
MMRS78791111ST-27-0-0	0.545343537527711	0.489968721920436	0.704590181749712	0.574866067673842	0.423374341931091	0.665711129468719
MMRS79893829ST-27-0-0	0.481910184370024	0.404812205455266	0.65888657312847	0.671059009948126	0.460405560676311	0.446752471459459
MMRS80093644ST-27-0-0	0.817439124261736	0.555919866371978	0.666062586701512	0.825686521562908	0.960926914823639	0.986569750067823
MMRS81130264ST-27-0-0	0.0949160465179883	0.306401651941128	0.246876292103892	0.395777312190668	0.444625031131652	0.161962513403788
MMRS81135225ST-27-0-0	0.310384929966247	0.244338466840501	0.132099109555724	0.493511298021496	0.360889065778204	0.466786811929457
MMRS81194191ST-27-0-0	0.95019008692551	0.824057619256002	0.988414954658715	0.962543580257894	0.984533807960389	0.999954217078731
MMRS81671217ST-27-0-0	0.325306744349572	0.851454968433044	0.494330747386659	0.610705719608428	0.650196199086686	0.792967691634906
MMRS84085284ST-27-0-0	0.48395614534501	0.684050386413597	0.822178804638899	0.819821772070394	0.691081766460252	0.776288849497407
MMRS84159866ST-27-0-0	0.564507087722782	0.892941396629927	0.644659955280228	0.264894298510968	0.282482913220898	0.811039423729413
MMRS84954772ST-27-0-0	0.42501636344606	0.270821286362632	0.394461804091267	0.541475694254012	0.55080539590949	0.139325188301291
MMRS85382779ST-27-0-0	0.372820351266844	0.464085555692717	0.0515109836093355	0.225773826013902	0.212614918817792	0.331032140205923
MMRS85438660ST-27-0-0	0.784901490549544	0.123405554329169	0.494268417685388	0.42210727783977	0.694084987713376	0.0974228975565349
MMRS85548821ST-27-0-0	0.376963189436907	0.362282744368527	0.718310484772907	0.60816409380283	0.788210882499992	0.437306361795845
MMRS86168210ST-27-0-0	0.35870359848926	0.507128450726809	0.142076561192471	0.539275594443313	0.317370812068445	0.549631461803794
MMRS86178473ST-27-0-0	0.158274632885624	0.249702614564197	0.157313080999004	0.384062268503752	0.410495557776494	0.0369154337335091
MMRS86958796ST-27-0-0	0.430272061220621	0.360450322994151	0.9021785698183	0.68721522263124	0.703131382669615	0.569643107280019
MMRS87723283ST-27-0-0	0.246640491948734	0.226237375446508	0.505541953671852	0.452302988167408	0.665221456464623	0.498048494420871
MMRS88581325ST-27-0-0	0.466819796332189	0.681897980569208	0.546707048217911	0.120101490504689	0.110763989169799	0.250701936954617
MMRS90191266ST-27-0-0	0.605957513862616	0.425167820283456	0.210869058409551	0.145329928738849	0.240477886110319	0.242780574733046
MMRS91297590ST-27-0-0	0.199035925703482	0.454766001298411	0.56997667452117	0.328393510244368	0.557681729763272	0.0914987949310473
MMRS92544445ST-27-0-0	0.243051988980243	0.266317076979318	0.812617833908762	0.482298101868455	0.739400143919201	0.565677965707103
MMRS92546335ST-27-0-0	0.254043371914314	0.42834429624901	0.520887633918939	0.448715411161711	0.551714005811646	0.633011422637258
MMRS93508324ST-27-0-0	0.491478709667959	0.484986540942315	0.26715699180224	0.551163762400468	0.301534629866943	0.464432922171976
MMRS93621581ST-27-0-0	0.339360851509257	0.192613263661385	0.508522358195258	0.3569380366888	0.359485350107042	0.168896214134162
MMRS94549160ST-27-0-0	0.523644828917308	0.698267196771202	0.161046742067494	0.231254075728929	0.244665222767044	0.455055999531978
MMRS95277876ST-27-0-0	0.329918787845671	0.20190005280481	0.166665463310967	0.154169988472482	0.214294903140781	0.013382667981226
MMRS95479054ST-27-0-0	0.403187784502422	0.331246115712361	0.460228026890039	0.185024051243568	0.226187979471789	0.428630740801287
MMRS95674036ST-27-0-0	0.227014131607436	0.293567830530402	0.771883199148545	0.526756871158858	0.826565754269533	0.565176896470398
MMRS96422329ST-27-0-0	0.521651280068749	0.626898958402658	0.10528788847143	0.401346550308929	0.70570859999209	0.767763146891245
MMRS97052561ST-27-0-0	0.880259966914619	0.907588718432168	0.977939675943144	0.611808617225864	0.942885353176707	0.99997683558556
MMRS97307143ST-27-0-0	0.348498301055298	0.26135372878901	0.122880808093599	0.319116711777822	0.301944340022403	0.106310213319415
MMRS97327636ST-27-0-0	0.861786861579039	0.25000805001482	0.800650578919002	0.681087594114092	0.8271047769201	0.985992327994093
MMRS99045180ST-27-0-0	0.325971481648333	0.284857093329132	0.797381062726172	0.503929673641871	0.801022672202031	0.842410328593004
SAMEA3136623	0.20652442299491	0.160119028358431	0.201314680506712	0.131841095442003	0.400958638089333	0.33676404659729
SAMEA3136624	0.180486085358299	0.467024378224096	0.389527962633773	0.190440706802731	0.434230720476679	0.0214220698680398
SAMEA3136625	0.117903857960934	0.129668427577528	0.108095470817529	0.156054572458469	0.263792613688369	0.114784407063331
SAMEA3136626	0.314920803517332	0.259911879378636	0.143859986296567	0.373729709149231	0.360949732985823	0.023141169689389
SAMEA3136627	0.558586878763172	0.332844234905985	0.324312548772138	0.451996233247167	0.592551135786936	0.283148389428011
SAMEA3136628	0.241747666982339	0.196633972173854	0.157840390372588	0.381127735507723	0.530109039081595	0.0250693220494321
SAMEA3136629	0.259759153520581	0.304292605732059	0.305870362860997	0.442793813912324	0.717297301413395	0.0904462608926203
SAMEA3136630	0.279078015439876	0.216828475785114	0.308276143569709	0.145084092077747	0.18301222033561	0.386164300372938
SAMEA3136631	0.153323492611066	0.0950900788960738	0.1065774733658	0.288441618207089	0.567685325462205	0.00779362052466547
SAMEA3136632	0.183130894636444	0.104555365226366	0.159646041981154	0.319332674019731	0.405748048395371	0.0263245008195196
SAMEA3136633	0.230794208302182	0.33708719719049	0.405669139547302	0.306529069902374	0.603531806857324	0.114935606833912
SAMEA3136634	0.192107245825874	0.107213368760303	0.0919707988469925	0.125855211262729	0.312123148916063	0.0393553695804983
SAMEA3136635	0.105349324687317	0.0605752979124801	0.407426032553566	0.21671840081769	0.517289777153034	0.00584514639951743
SAMEA3136636	0.177360644015887	0.331021206149772	0.52831213609407	0.184182125557401	0.692466301141564	0.602081997782664
SAMEA3136637	0.271573412386644	0.257469756057133	0.160244578344273	0.187136221215086	0.525267727269281	0.0453181848001716
SAMEA3136638	0.192417133068804	0.116220672507976	0.181444847515494	0.167521748020143	0.381986645864653	0.0171361174647769
SAMEA3136639	0.262362042566498	0.0763469446529338	0.206181879514815	0.316982960116748	0.591982147038553	0.0205472546043227
SAMEA3136640	0.38501776436518	0.109462554037544	0.531099168708645	0.405959486101321	0.755649375195138	0.171160652615283
SAMEA3136641	0.536464972623023	0.599678813473977	0.199243985106012	0.243682272446951	0.56021967264264	0.115570349444982
SAMEA3136642	0.386844649724238	0.290114625552399	0.250287600285159	0.24416063303014	0.417352518597955	0.433633843571859
SAMEA3136643	0.229337368700245	0.0674186245798503	0.21446977924476	0.310553167357115	0.453223914935521	0.210721127047114
SAMEA3136644	0.153642742794541	0.209778035624802	0.057118729194281	0.0791681162283122	0.181385999529009	0.0146462147219702
SAMEA3136645	0.298499049581402	0.117452208487817	0.149952619656649	0.245520946411497	0.361569405895644	0.177127731401485
SAMEA3136646	0.288356253887174	0.260998747056483	0.504716411569576	0.287291869857454	0.584025397424205	0.350307009466283
SAMEA3136647	0.366185636233895	0.225674640454243	0.60334499866114	0.352038929088795	0.70056208490032	0.336658151230234
SAMEA3136648	0.345790621215122	0.0781992885345341	0.103053009647605	0.110167958534638	0.270349441093461	0.406100582008331
SAMEA3136649	0.245533705943638	0.0616387488263101	0.339808576422261	0.166179974487473	0.361949448977897	0.0198200339595588
SAMEA3136650	0.0795837133080722	0.24911590827091	0.554547048415023	0.469451729284774	0.475796143235184	0.127034606005638
SAMEA3136651	0.454851752549172	0.196762885905943	0.171078666092765	0.0652414567088101	0.299801879851579	0.286011610756958
SAMEA3136652	0.215829327040046	0.506638202121129	0.597480706373558	0.344310518267809	0.417291355318543	0.051739194839835
SAMEA3136653	0.315441197571357	0.136882635839292	0.43337738753511	0.402536215309049	0.382853260126101	0.0411186455362336
SAMEA3136654	0.223882988211666	0.152257551998749	0.112319041160039	0.132113833448863	0.219867377797036	0.232935006629898
SAMEA3136655	0.11757211485818	0.0880806817543693	0.183272174147575	0.333058768605834	0.563727380001846	0.121121685025842
SAMEA3136656	0.130322444705039	0.407617296387759	0.255920551830299	0.216527723114823	0.607283567143162	0.200337209302991
SAMEA3136657	0.508315353598202	0.389095698450532	0.901932279966919	0.431126209917423	0.883743568408837	0.733040091268755
SAMEA3136658	0.381689628819218	0.349131649272195	0.164875653193924	0.184920137550121	0.443738240744793	0.0729507401759257
SAMEA3136659	0.227274013619299	0.841131492307263	0.465162159247589	0.646725867693043	0.418163392358519	0.96491545583665
SAMEA3136660	0.267717658476128	0.107997434315394	0.215727965656836	0.259211053679755	0.513188812031389	0.539340584809461
SAMEA3136661	0.239006462048395	0.0712545826553237	0.129279140868698	0.228030525122546	0.330410963502816	0.00780291843860888
SAMEA3136662	0.0948874805963376	0.10243442499513	0.226633207848307	0.223699710088238	0.310753997034898	0.00562857878840289
SAMEA3136663	0.272556329096713	0.109426177706019	0.0695516270265402	0.216843610361952	0.519552482149369	0.0162693872824577
SAMEA3136664	0.2819681169997	0.161884144078499	0.15382212780338	0.542208948513052	0.57369964807835	0.0834233831097221
SAMEA3136665	0.230139848028842	0.0976206493902806	0.507400710529964	0.408252823165452	0.559914640867262	0.150672791771733
SAMEA3136666	0.405178576898566	0.124896306663708	0.650460182853798	0.478290144863151	0.545286538825586	0.0124095482825875
SAMEA3136667	0.208872431855552	0.354960167379982	0.604521814521214	0.262275833509208	0.365874482099917	0.0328714193464798
SAMEA3136668	0.320608307602503	0.217792420907795	0.888130147850852	0.433081547624532	0.857891708387016	0.628015287649404
SAMEA3136669	0.416258247070887	0.289299141567899	0.0601575144016583	0.263001550479395	0.278169806183351	0.126085152897607
SAMEA3136670	0.259720933143949	0.0873116709269672	0.0315475556121773	0.162784077982554	0.107880278623055	0.108010544040539
SAMEA3136671	0.313171837592677	0.145875711680308	0.130310320090013	0.220791018344363	0.204504637304086	0.0279194037546547
SAMEA3136672	0.16622149298838	0.149580098383089	0.580217051977009	0.195501127557203	0.304483828391002	0.0298504409000566
SAMEA3136673	0.250588189384424	0.0862650086665968	0.0510470269652015	0.124317894785956	0.281034915389123	0.0447417134265375
SAMEA3136674	0.144922796557887	0.0845111572220444	0.147309411238897	0.39232061430329	0.41088798660945	0.375588057305204
SAMEA3136675	0.356530439056578	0.241791900181113	0.409838663612068	0.134452386450615	0.298810925257394	0.0755099033497456
SAMEA3136676	0.368756926494561	0.0896153176329769	0.389098337209372	0.18176877422249	0.406740328131835	0.0302078145311624
SAMEA3136677	0.125650707645094	0.0658469551303106	0.525073400197355	0.41136913569924	0.767358625677089	0.119544123081514
SAMEA3136678	0.237101930480095	0.141607532623237	0.0454194245370734	0.444749865612754	0.213615064401079	0.048205135651588
SAMEA3136679	0.0411815059412296	0.0839366957935884	0.289226843648021	0.570770161838206	0.304188751643728	0.0491425957301776
SAMEA3136724	0.498482595317617	0.256841029886367	0.762418913052682	0.518330679111282	0.721033160486436	0.842360863910119
SAMEA3136725	0.692084402154823	0.869991329368818	0.865495700589976	0.493803208075603	0.695802705258589	0.918902779256122
SAMEA3136726	0.818020694324121	0.566209044170961	0.808798999788739	0.212751418183738	0.612439795461037	0.856082848600926
SAMEA3136727	0.791922147685261	0.949829880356103	0.276964900621181	0.714172129134732	0.72287818104898	0.973065456605097
SAMEA3136728	0.282883147391035	0.666530191730127	0.178881315030495	0.45627105394991	0.375598753171277	0.939558660613723
SAMEA3136729	0.521751893198911	0.931834004801712	0.776809575340207	0.513917521501942	0.778377807921625	0.757194609970433
SAMEA3136730	0.131221663588253	0.836488871485446	0.508725323556868	0.202083148103404	0.530943526034768	0.678896228688979
SAMEA3136731	0.447005507287232	0.748993621580475	0.369186740733506	0.484326152103066	0.386539919871244	0.80174401003607
SAMEA3136732	0.394184210466034	0.822423514180609	0.96692636424053	0.447880142048794	0.957670729455995	0.968254932648085
SAMEA3136733	0.0759284887552786	0.672195365007238	0.167894196006587	0.252693727850567	0.42642736009336	0.154960261261321
SAMEA3136734	0.747357344907754	0.997135357632387	0.74200913303087	0.532807820017171	0.712470187119429	0.907212116116817
SAMEA3136735	0.469966973919281	0.725617685917541	0.473077492430606	0.495477695597232	0.446282709902333	0.118496011063375
SAMEA3136736	0.240655127863183	0.672916770010129	0.72855094606942	0.344341143412965	0.629648959581327	0.0986654524232101
SAMEA3136737	0.10312757621423	0.773280551361843	0.45169049791204	0.425534489942038	0.725907335170951	0.0792849015637308
SAMEA3136738	0.461181046486278	0.912973014146407	0.907177881638193	0.405534047040786	0.653781530984506	0.163138232909898
SAMEA3136739	0.807205538813905	0.474872551962213	0.207930037426005	0.703831204003533	0.829185599490907	0.84236467692513
SAMEA3136740	0.772731128628571	0.954837664222096	0.580271030607717	0.746968170111709	0.751426753640527	0.923155543184373
SAMEA3136741	0.545784910834316	0.949228368523403	0.85456004861814	0.606504687920997	0.897607805752912	0.938999252084006
SAMEA3136742	0.188266043188032	0.809331448677687	0.748025752075422	0.573042763818121	0.79554264480419	0.29913617794542
SAMEA3136743	0.341417792807576	0.542745776404519	0.677164215167201	0.238483123338353	0.523268542742479	0.203162124469886
SAMEA3136744	0.290477500454309	0.57538043805582	0.912710963411722	0.633115110339876	0.923712572609605	0.937036052368371
SAMEA3136745	0.799614381316857	0.50385735471492	0.811118662918394	0.326975195638083	0.804866095405439	0.993386353544557
SAMEA3136746	0.231963205914133	0.40040461310034	0.232060172712747	0.248762321311716	0.307124931620178	0.253450321777882
SAMEA3136747	0.273737590846566	0.424766741427385	0.298586798903186	0.303470473124021	0.79835557421091	0.528460432791224
SAMEA3136748	0.154100656982654	0.193684163919529	0.0728880832434971	0.14191022390567	0.28170142814806	0.0147900414009805
SAMEA3136749	0.247376329435849	0.773770640575542	0.168501750513079	0.441328362571008	0.553801972077113	0.0857973773287977
SAMEA3136750	0.233701752959862	0.268971101056916	0.144729285228382	0.220981800185186	0.499827555606421	0.0313030089659133
SAMEA3136751	0.204257270353664	0.921121340710287	0.315435715548566	0.492681717092989	0.765093607300566	0.612448161362509
SAMEA3136752	0.82134280635885	0.886958803825052	0.290057481904828	0.504102330205588	0.949734662619772	0.955461839608911
SAMEA3136753	0.809444510368113	0.427532090471676	0.7041876008087	0.439211336713592	0.460434687860207	0.825681205174681
SAMEA3136754	0.333815649076603	0.208903727262085	0.252847637505566	0.075910996522934	0.464127264686882	0.261330624392509
SAMEA3136755	0.303642827217313	0.965238999113449	0.432153392786053	0.316274997225117	0.867354622918675	0.71935422520949
SAMEA3136756	0.752440238686393	0.466645865472186	0.230037709889459	0.22853424194391	0.340267555113068	0.284647368955706
SAMEA3136757	0.397981820613985	0.973409200469505	0.568565549262867	0.353939450250588	0.68047366608902	0.537776066082965
SAMEA3136758	0.283126468344362	0.228020088284306	0.359285406322691	0.161628961644055	0.762576865873813	0.137823375293564
SAMEA3136759	0.555447683347144	0.977437013365808	0.517606373101928	0.47278538836432	0.664700229553647	0.875199166823086
SAMEA3136760	0.828243928355444	0.876663925085737	0.763813184617703	0.500486906523463	0.605402473012678	0.964596377905605
SAMEA3136761	0.868556966942562	0.425049251369686	0.907069784031152	0.79394151980343	0.986095769195734	0.998163355113221
SAMEA3136762	0.500462570438958	0.191245976698694	0.710869761605263	0.394470418722723	0.588377138263494	0.949025652402538
SAMEA3136763	0.95220163725695	0.99882035070731	0.990877547128789	0.923958699468395	0.951329700432197	0.997778935926277
SAMEA3136764	0.536889582588784	0.235441454074779	0.830886290364895	0.452073845977081	0.65027211075535	0.304604393812971
SAMEA3136765	0.484811780267645	0.849940355824796	0.690978484277551	0.488160036555336	0.365010713299112	0.675349776915733
SAMEA3136766	0.340510707568643	0.919037532714766	0.48017050991268	0.536888857657419	0.823567440461745	0.535349134055309
SAMEA3136767	0.502551533725172	0.574606412309562	0.403119537930623	0.800828274428367	0.780990144224332	0.861269212895182
SAMEA3136768	0.625435827351344	0.839372446123728	0.555573484254594	0.62334661672035	0.903138157810133	0.856879087284428
SAMEA3136769	0.588714918374751	0.729494793475575	0.489061721966138	0.658378985614864	0.562765605873662	0.597004509319721
SAMEA3178936	0.173986423150211	0.591904912213532	0.353017819485698	0.366060073553195	0.764568862123312	0.0487377324331253
SAMEA3178937	0.490798880607767	0.248480596354005	0.0525211781219766	0.046878909963601	0.103308994860778	0.0767494975363763
SAMEA3178938	0.354197787659349	0.310910079060985	0.772783269731054	0.393817399444894	0.552369221606128	0.499077580225116
SAMEA3178939	0.215815469586201	0.16779242347458	0.102371339480166	0.231457487589149	0.561293964388668	0.0722403922456383
SAMEA3178940	0.224713844574119	0.257685535855137	0.656365128177791	0.312400194856964	0.563579995088249	0.521582477884405
SAMEA3178943	0.782636626853809	0.396919169019539	0.574386228682141	0.222324936837547	0.421272935123039	0.585912453722299
